Age,FrequentFlyer,AnnualIncomeClass,ServicesOpted,AccountSyncedToSocialMedia,BookedHotelOrNot,Target,FrequentFlyerBit,SocialMediaBit,BookedHotelBit,High_Income,Middle_Income,Low_Income,Churn_Probability,Churn_Predicted,Churn_Probability_XGB,Churn_Predicted_XGB
34,No,Middle Income,6,No,Yes,0,0,0,1,0,1,0,0.062212291,0,0.001559814,0
34,Yes,Low Income,5,Yes,No,1,1,1,0,0,0,1,0.797851653,1,0.95164555,1
37,No,Middle Income,3,Yes,No,0,0,1,0,0,1,0,0.074331272,0,0.002051127,0
30,No,Middle Income,2,No,No,0,0,0,0,0,1,0,0.060206232,0,0.000863661,0
30,No,Low Income,1,No,No,0,0,0,0,0,0,1,0.120200204,0,8.51E-05,0
27,Yes,High Income,1,No,Yes,1,1,0,1,1,0,0,0.443466613,0,0.9778391,1
34,No,Middle Income,4,Yes,Yes,0,0,1,1,0,1,0,0.067252923,0,0.000867769,0
34,No,Low Income,2,Yes,No,1,0,1,0,0,0,1,0.202475091,0,0.95839685,1
30,No,Low Income,3,No,Yes,0,0,0,1,0,0,1,0.105440171,0,0.000408503,0
36,Yes,High Income,1,No,No,1,1,0,0,1,0,0,0.365141132,0,0.6625221,1
34,No,Low Income,1,Yes,Yes,0,0,1,1,0,0,1,0.070444802,0,0.005478295,0
28,No,Middle Income,2,No,No,1,0,0,0,0,1,0,0.076888652,0,0.9878501,1
35,No,Middle Income,1,Yes,Yes,0,0,1,1,0,1,0,0.021410135,0,0.00055255,0
34,Yes,Low Income,4,No,No,0,1,0,0,0,0,1,0.556827237,1,0.028464304,0
34,No,Middle Income,5,No,No,0,0,0,0,0,1,0,0.098718742,0,0.000949332,0
37,Yes,Low Income,6,No,Yes,0,1,0,1,0,0,1,0.422359067,0,0.048449412,0
30,No,Low Income,1,Yes,Yes,0,0,1,1,0,0,1,0.113559138,0,0.001876127,0
30,Yes,High Income,1,Yes,No,0,1,1,0,1,0,0,0.735986162,1,0.38642016,0
31,No,Middle Income,1,No,Yes,0,0,0,1,0,1,0,0.01649425,0,0.000127937,0
37,No,Low Income,2,Yes,No,1,0,1,0,0,0,1,0.146210696,0,0.98256886,1
30,No,Middle Income,4,No,Yes,0,0,0,1,0,1,0,0.052374625,0,0.000106181,0
31,Yes,High Income,1,No,No,1,1,0,0,1,0,0,0.525755633,1,0.57897615,1
34,Yes,Low Income,1,Yes,No,0,1,1,0,0,0,1,0.489455746,0,0.42465845,0
30,No,Middle Income,2,No,No,0,0,0,0,0,1,0,0.060206232,0,0.000863661,0
34,No,Middle Income,1,No,Yes,0,0,0,1,0,1,0,0.011185912,0,0.000240255,0
38,Yes,Low Income,1,No,Yes,0,1,0,1,0,0,1,0.0985693,0,0.000567338,0
37,No,Middle Income,3,Yes,No,0,0,1,0,0,1,0,0.074331272,0,0.002051127,0
30,No,Middle Income,5,Yes,No,0,0,1,0,0,1,0,0.289933507,0,0.001909704,0
28,No,Low Income,1,Yes,No,0,0,1,0,0,0,1,0.281467663,0,0.02880339,0
34,Yes,High Income,1,No,No,0,1,0,0,1,0,0,0.427850681,0,0.36892495,0
33,No,Middle Income,6,No,Yes,0,0,0,1,0,1,0,0.070323902,0,0.002884244,0
34,No,Low Income,2,No,No,0,0,0,0,0,0,1,0.103238723,0,0.001912892,0
27,No,Middle Income,3,Yes,No,0,0,1,0,0,1,0,0.229786075,0,0.009857174,0
35,Yes,High Income,1,No,No,1,1,0,0,1,0,0,0.396068821,0,0.9461919,1
30,No,Low Income,4,No,No,0,0,0,0,0,0,1,0.283085512,0,0.000182988,0
36,No,Middle Income,2,No,Yes,0,0,0,1,0,1,0,0.012241962,0,0.001609703,0
34,Yes,Low Income,1,Yes,Yes,0,1,1,1,0,0,1,0.289587606,0,0.5849414,1
37,Yes,Low Income,1,Yes,No,1,1,1,0,0,0,1,0.392712908,0,0.611664,1
37,No,Middle Income,3,No,No,0,0,0,0,0,1,0,0.035133517,0,0.00085593,0
36,No,Middle Income,2,No,No,0,0,0,0,0,1,0,0.028322603,0,0.003096816,0
27,No,Low Income,5,No,Yes,0,0,0,1,0,0,1,0.261749264,0,0.029933473,0
36,Yes,High Income,4,No,No,0,1,0,0,1,0,0,0.624386605,1,0.6945232,1
28,No,Middle Income,1,Yes,Yes,0,0,1,1,0,1,0,0.051979702,0,0.002365431,0
30,No,Low Income,2,No,No,0,0,0,0,0,0,1,0.162906464,0,0.002171518,0
27,No,Middle Income,3,No,No,0,0,0,0,0,1,0,0.119164183,0,0.22575185,0
37,Yes,High Income,6,No,Yes,1,1,0,1,1,0,0,0.557077703,1,0.9271765,1
27,No,Low Income,1,Yes,No,0,0,1,0,0,0,1,0.308754917,0,0.026089275,0
38,No,Middle Income,2,Yes,No,0,0,1,0,0,1,0,0.047110312,0,0.0114355,0
30,No,Middle Income,4,No,Yes,0,0,0,1,0,1,0,0.052374625,0,0.000106181,0
34,Yes,Low Income,1,No,No,0,1,0,0,0,0,1,0.303004192,0,0.000807999,0
34,Yes,Low Income,3,No,Yes,1,1,0,1,0,0,1,0.272755848,0,0.90367764,1
31,No,Middle Income,2,No,No,0,0,0,0,0,1,0,0.053194881,0,0.000648343,0
34,No,Low Income,1,Yes,No,0,0,1,0,0,0,1,0.151270329,0,0.004571874,0
30,Yes,High Income,5,No,No,0,1,0,0,1,0,0,0.838818656,1,0.365398,0
31,No,Middle Income,1,No,Yes,0,0,0,1,0,1,0,0.01649425,0,0.000127937,0
28,No,Low Income,4,Yes,Yes,1,0,1,1,0,0,1,0.324960068,0,0.022603355,0
30,No,Middle Income,3,Yes,Yes,0,0,1,1,0,1,0,0.078821823,0,7.62E-05,0
37,Yes,High Income,1,Yes,No,1,1,1,0,1,0,0,0.526595923,1,0.9526811,1
36,No,Low Income,1,No,No,0,0,0,0,0,0,1,0.058523845,0,0.000848041,0
36,No,Middle Income,2,No,No,0,0,0,0,0,1,0,0.028322603,0,0.003096816,0
34,No,Middle Income,6,No,Yes,0,0,0,1,0,1,0,0.062212291,0,0.001559814,0
35,Yes,Low Income,1,No,No,0,1,0,0,0,0,1,0.276022232,0,0.009147385,0
30,No,Middle Income,4,Yes,No,0,0,1,0,0,1,0,0.22278964,0,0.000274009,0
29,No,Middle Income,2,No,No,0,0,0,0,0,1,0,0.068075268,0,0.002950669,0
33,Yes,Low Income,1,Yes,Yes,0,1,1,1,0,0,1,0.31731442,0,0.11253467,0
28,Yes,High Income,1,No,Yes,1,1,0,1,1,0,0,0.411358762,0,0.97850376,1
33,No,Middle Income,5,Yes,Yes,0,0,1,1,0,1,0,0.104832121,0,0.012730083,0
37,No,Low Income,2,Yes,No,1,0,1,0,0,0,1,0.146210696,0,0.98256886,1
31,No,Middle Income,3,No,No,0,0,0,0,0,1,0,0.0740997,0,7.70E-05,0
34,Yes,High Income,4,No,No,1,1,0,0,1,0,0,0.683672808,1,0.39329302,0
37,No,Low Income,1,No,Yes,0,0,0,1,0,0,1,0.022654853,0,9.79E-05,0
30,No,Low Income,2,No,No,0,0,0,0,0,0,1,0.162906464,0,0.002171518,0
30,No,Middle Income,1,Yes,Yes,0,0,1,1,0,1,0,0.040464835,0,0.000118797,0
30,Yes,Low Income,1,Yes,No,1,1,1,0,0,0,1,0.618409493,1,0.9700754,1
30,No,Middle Income,3,No,No,0,0,0,0,0,1,0,0.083623053,0,5.19E-05,0
37,No,Middle Income,6,No,Yes,0,0,0,1,0,1,0,0.042831298,0,0.09346943,0
31,No,Low Income,4,Yes,No,0,0,1,0,0,0,1,0.433004172,0,0.50542897,1
34,Yes,High Income,1,Yes,No,0,1,1,0,1,0,0,0.622511909,1,0.5629035,1
34,Yes,Low Income,1,No,Yes,0,1,0,1,0,0,1,0.156007798,0,0.002004611,0
34,No,Low Income,5,No,No,0,0,0,0,0,0,1,0.249661661,0,0.000721697,0
28,No,Middle Income,3,No,Yes,0,0,0,1,0,1,0,0.048024864,0,0.00350949,0
27,Yes,High Income,1,No,No,1,1,0,0,1,0,0,0.652058486,1,0.99583983,1
30,No,Low Income,1,Yes,No,0,0,1,0,0,0,1,0.23153105,0,0.00321977,0
37,No,Middle Income,4,No,No,0,0,0,0,0,1,0,0.049310141,0,0.001324637,0
35,No,Middle Income,1,No,Yes,0,0,0,1,0,1,0,0.009823578,0,0.000598069,0
27,Yes,Low Income,1,No,Yes,1,1,0,1,0,0,1,0.316584754,0,0.9756836,1
35,No,Middle Income,3,Yes,No,0,0,1,0,0,1,0,0.094533873,0,0.001004674,0
30,No,Middle Income,2,Yes,No,0,0,1,0,0,1,0,0.123788275,0,0.004143,0
37,No,Low Income,1,No,Yes,0,0,0,1,0,0,1,0.022654853,0,9.79E-05,0
30,Yes,High Income,1,No,No,0,1,0,0,1,0,0,0.558323372,1,0.41210014,0
29,No,Middle Income,6,No,Yes,0,0,0,1,0,1,0,0.113373268,0,0.007386676,0
30,No,Low Income,2,Yes,No,1,0,1,0,0,0,1,0.300291503,0,0.97070307,1
30,No,Low Income,5,Yes,No,0,0,1,0,0,0,1,0.553647194,1,0.17227389,0
36,Yes,High Income,1,No,No,1,1,0,0,1,0,0,0.365141132,0,0.6625221,1
37,No,Low Income,1,No,No,0,0,0,0,0,0,1,0.05169764,0,0.000429312,0
28,No,Middle Income,2,No,Yes,1,0,0,1,0,1,0,0.034204461,0,0.9674553,1
30,No,Middle Income,1,Yes,Yes,0,0,1,1,0,1,0,0.040464835,0,0.000118797,0
31,Yes,Low Income,4,Yes,No,1,1,1,0,0,0,1,0.804220487,1,0.9929669,1
31,No,Middle Income,3,No,No,0,0,0,0,0,1,0,0.0740997,0,7.70E-05,0
31,No,Low Income,2,No,No,0,0,0,0,0,0,1,0.145790461,0,0.001660897,0
30,No,Low Income,1,Yes,Yes,0,0,1,1,0,0,1,0.113559138,0,0.001876127,0
36,Yes,High Income,1,No,No,0,1,0,0,1,0,0,0.365141132,0,0.6625221,1
31,No,Middle Income,1,Yes,Yes,0,0,1,1,0,1,0,0.035665233,0,0.000234137,0
28,No,Low Income,2,No,No,1,0,0,0,0,0,1,0.201931389,0,0.97709924,1
30,No,Middle Income,4,No,Yes,0,0,0,1,0,1,0,0.052374625,0,0.000106181,0
30,Yes,High Income,6,No,Yes,1,1,0,1,1,0,0,0.759151998,1,0.97914493,1
37,Yes,Low Income,1,Yes,No,0,1,1,0,0,0,1,0.392712908,0,0.611664,1
37,No,Middle Income,2,Yes,No,0,0,1,0,0,1,0,0.053364888,0,0.012517991,0
28,No,Middle Income,1,No,Yes,0,0,0,1,0,1,0,0.024259885,0,0.009159132,0
27,Yes,Low Income,1,Yes,No,1,1,1,0,0,0,1,0.706105195,1,0.9987417,1
34,No,Middle Income,3,No,Yes,0,0,0,1,0,1,0,0.022438146,0,0.000258899,0
30,No,Middle Income,4,No,No,0,0,0,0,0,1,0,0.115032877,0,9.58E-05,0
33,No,Low Income,1,Yes,Yes,0,0,1,1,0,0,1,0.079538776,0,0.003430117,0
31,Yes,High Income,1,No,No,0,1,0,0,1,0,0,0.525755633,1,0.57897615,1
31,No,Middle Income,1,No,Yes,0,0,0,1,0,1,0,0.01649425,0,0.000127937,0
31,No,Low Income,2,No,Yes,0,0,0,1,0,0,1,0.06765948,0,0.002120114,0
30,No,Middle Income,3,Yes,No,0,0,1,0,0,1,0,0.167526607,0,0.000129901,0
34,Yes,High Income,1,Yes,No,1,1,1,0,1,0,0,0.622511909,1,0.5629035,1
34,No,Low Income,5,Yes,No,0,0,1,0,0,0,1,0.423220166,0,0.373161,0
34,No,Middle Income,2,No,No,0,0,0,0,0,1,0,0.036513703,0,0.000852263,0
30,No,Low Income,6,No,Yes,0,0,0,1,0,0,1,0.254100695,0,0.004068325,0
28,Yes,Low Income,1,No,No,1,1,0,0,0,0,1,0.488613552,0,0.9801856,1
35,No,Middle Income,3,Yes,No,0,0,1,0,0,1,0,0.094533873,0,0.001004674,0
29,No,Middle Income,2,No,No,0,0,0,0,0,1,0,0.068075268,0,0.002950669,0
35,No,Low Income,1,No,No,0,0,0,0,0,0,1,0.066188477,0,0.000553608,0
31,Yes,High Income,4,No,Yes,0,1,0,1,1,0,0,0.576699108,1,0.082087584,0
35,No,Middle Income,1,Yes,Yes,0,0,1,1,0,1,0,0.021410135,0,0.00055255,0
29,No,Low Income,2,Yes,No,1,0,1,0,0,0,1,0.32856917,0,0.9758799,1
34,No,Middle Income,3,No,Yes,0,0,0,1,0,1,0,0.022438146,0,0.000258899,0
31,Yes,High Income,1,No,No,1,1,0,0,1,0,0,0.525755633,1,0.57897615,1
30,No,Low Income,1,No,Yes,0,0,0,1,0,0,1,0.054901932,0,6.87E-05,0
30,No,Middle Income,5,No,No,0,0,0,0,0,1,0,0.156229232,0,0.000370423,0
30,No,Middle Income,4,Yes,Yes,0,0,1,1,0,1,0,0.108642051,0,0.000140271,0
27,Yes,Low Income,1,No,No,1,1,0,0,0,0,1,0.521410111,1,0.99179685,1
30,No,Low Income,3,No,No,0,0,0,0,0,0,1,0.217042779,0,0.000228087,0
30,No,Middle Income,6,No,Yes,0,0,0,1,0,1,0,0.100834644,0,0.002411765,0
31,No,Low Income,1,Yes,Yes,0,0,1,1,0,0,1,0.1010023,0,0.002386098,0
31,Yes,High Income,1,Yes,No,0,1,1,0,1,0,0,0.709707377,1,0.6055941,1
30,No,Middle Income,1,No,Yes,0,0,0,1,0,1,0,0.018764142,0,0.000100247,0
38,No,Low Income,4,No,No,0,0,0,0,0,0,1,0.121406313,0,0.00379858,0
30,No,Middle Income,3,No,Yes,0,0,0,1,0,1,0,0.037351579,0,6.65E-05,0
27,Yes,High Income,1,No,No,1,1,0,0,1,0,0,0.652058486,1,0.99583983,1
35,No,Low Income,1,Yes,No,0,0,1,0,0,0,1,0.135179465,0,0.002912227,0
28,No,Middle Income,2,No,No,1,0,0,0,0,1,0,0.076888652,0,0.9878501,1
34,No,Middle Income,5,No,Yes,0,0,0,1,0,1,0,0.044499937,0,0.001187188,0
30,Yes,Low Income,1,Yes,Yes,1,1,1,1,0,0,1,0.40796081,0,0.9201854,1
33,No,Middle Income,4,Yes,No,0,0,1,0,0,1,0,0.162027042,0,0.001466456,0
34,No,Middle Income,2,Yes,No,0,0,1,0,0,1,0,0.077128213,0,0.008184941,0
27,No,Low Income,1,No,No,0,0,0,0,0,0,1,0.168429879,0,0.020035561,0
30,Yes,High Income,1,No,No,0,1,0,0,1,0,0,0.558323372,1,0.41210014,0
30,No,Middle Income,6,No,Yes,0,0,0,1,0,1,0,0.100834644,0,0.002411765,0
31,No,Low Income,2,No,No,0,0,0,0,0,0,1,0.145790461,0,0.001660897,0
30,No,Middle Income,3,Yes,Yes,0,0,1,1,0,1,0,0.078821823,0,7.62E-05,0
27,Yes,High Income,4,No,No,1,1,0,0,1,0,0,0.844148916,1,0.99717784,1
30,No,Low Income,1,Yes,No,0,0,1,0,0,0,1,0.23153105,0,0.00321977,0
37,Yes,Low Income,2,No,Yes,0,1,0,1,0,0,1,0.150817866,0,0.001495666,0
30,No,Middle Income,1,Yes,Yes,0,0,1,1,0,1,0,0.040464835,0,0.000118797,0
30,Yes,Low Income,5,Yes,No,1,1,1,0,0,0,1,0.869654447,1,0.9848817,1
34,No,Middle Income,3,No,No,0,0,0,0,0,1,0,0.05121768,0,0.000145789,0
29,No,Middle Income,2,No,No,0,0,0,0,0,1,0,0.068075268,0,0.002950669,0
34,No,Low Income,4,No,Yes,0,0,0,1,0,0,1,0.090347598,0,0.00042636,0
37,Yes,High Income,1,No,No,0,1,0,0,1,0,0,0.335287712,0,0.33869052,0
37,Yes,Low Income,1,Yes,Yes,0,1,1,1,0,0,1,0.215662062,0,0.08063119,0
35,No,Low Income,2,Yes,No,1,0,1,0,0,0,1,0.182106164,0,0.89949745,1
30,No,Middle Income,3,No,No,0,0,0,0,0,1,0,0.083623053,0,5.19E-05,0
36,Yes,High Income,6,No,Yes,1,1,0,1,1,0,0,0.589175236,1,0.9908732,1
30,No,Low Income,1,Yes,No,0,0,1,0,0,0,1,0.23153105,0,0.00321977,0
34,No,Middle Income,4,Yes,No,0,0,1,0,0,1,0,0.144987433,0,0.002092634,0
29,No,Middle Income,1,No,Yes,0,0,0,1,0,1,0,0.021339633,0,9.11E-05,0
27,Yes,Low Income,1,No,No,1,1,0,0,0,0,1,0.521410111,1,0.99179685,1
34,No,Middle Income,5,No,Yes,0,0,0,1,0,1,0,0.044499937,0,0.001187188,0
30,No,Middle Income,2,No,No,0,0,0,0,0,1,0,0.060206232,0,0.000863661,0
29,No,Low Income,1,Yes,No,0,0,1,0,0,0,1,0.255699932,0,0.003725862,0
28,Yes,High Income,1,No,No,1,1,0,0,1,0,0,0.62171957,1,0.99440694,1
37,No,Middle Income,4,No,Yes,0,0,0,1,0,1,0,0.021578088,0,0.000489568,0
33,No,Low Income,2,No,Yes,0,0,0,1,0,0,1,0.052864824,0,0.003751707,0
37,Yes,Low Income,3,Yes,Yes,1,1,1,1,0,0,1,0.358110344,0,0.9921153,1
30,Yes,High Income,1,Yes,No,1,1,1,0,1,0,0,0.735986162,1,0.38642016,0
35,No,Low Income,1,No,No,0,0,0,0,0,0,1,0.066188477,0,0.000553608,0
28,No,Middle Income,2,No,No,1,0,0,0,0,1,0,0.076888652,0,0.9878501,1
30,No,Middle Income,6,No,Yes,0,0,0,1,0,1,0,0.100834644,0,0.002411765,0
28,Yes,Low Income,4,Yes,No,1,1,1,0,0,0,1,0.858953349,1,0.9963347,1
38,No,Middle Income,3,Yes,No,0,0,1,0,0,1,0,0.065790136,0,0.002011028,0
27,No,Low Income,5,No,No,1,0,0,0,0,0,1,0.454701554,0,0.8194039,1
27,No,Low Income,1,No,No,0,0,0,0,0,0,1,0.168429879,0,0.020035561,0
30,Yes,High Income,1,No,Yes,0,1,0,1,1,0,0,0.349589478,0,0.014865185,0
30,No,Middle Income,1,Yes,Yes,0,0,1,1,0,1,0,0.040464835,0,0.000118797,0
30,No,Low Income,2,Yes,No,1,0,1,0,0,0,1,0.300291503,0,0.97070307,1
28,No,Middle Income,4,No,No,0,0,0,0,0,1,0,0.144570118,0,0.07894558,0
28,Yes,High Income,1,No,No,1,1,0,0,1,0,0,0.62171957,1,0.99440694,1
29,No,Low Income,1,Yes,Yes,0,0,1,1,0,0,1,0.127455746,0,0.002020332,0
33,No,Middle Income,2,No,No,0,0,0,0,0,1,0,0.041422582,0,0.0010997,0
30,No,Middle Income,1,Yes,Yes,0,0,1,1,0,1,0,0.040464835,0,0.000118797,0
37,Yes,Low Income,1,No,No,0,1,0,0,0,0,1,0.226746848,0,0.00360701,0
36,No,Middle Income,3,No,No,0,0,0,0,0,1,0,0.039864522,0,0.001747801,0
27,No,Middle Income,6,No,Yes,1,0,0,1,0,1,0,0.142553012,0,0.6542695,1
37,No,Low Income,5,Yes,No,1,0,1,0,0,0,1,0.33107929,0,0.9850065,1
31,Yes,High Income,1,Yes,No,0,1,1,0,1,0,0,0.709707377,1,0.6055941,1
27,No,Middle Income,1,No,Yes,0,0,0,1,0,1,0,0.027568506,0,0.010663496,0
33,No,Low Income,2,Yes,No,1,0,1,0,0,0,1,0.22449697,0,0.97132504,1
29,No,Middle Income,3,No,Yes,0,0,0,1,0,1,0,0.042368149,0,7.86E-05,0
34,Yes,High Income,1,No,No,1,1,0,0,1,0,0,0.427850681,0,0.36892495,0
30,No,Low Income,4,Yes,No,0,0,1,0,0,0,1,0.465465556,0,0.16380711,0
30,No,Middle Income,2,No,No,0,0,0,0,0,1,0,0.060206232,0,0.000863661,0
35,Yes,Low Income,1,No,Yes,0,1,0,1,0,0,1,0.139495828,0,0.006677573,0
31,Yes,Low Income,1,No,Yes,0,1,0,1,0,0,1,0.215092499,0,0.001599636,0
27,No,Middle Income,3,Yes,No,0,0,1,0,0,1,0,0.229786075,0,0.009857174,0
34,No,Middle Income,2,Yes,No,0,0,1,0,0,1,0,0.077128213,0,0.008184941,0
31,No,Low Income,1,Yes,Yes,0,0,1,1,0,0,1,0.1010023,0,0.002386098,0
27,Yes,High Income,5,No,No,1,1,0,0,1,0,0,0.885259117,1,0.9971283,1
30,No,Middle Income,6,No,Yes,0,0,0,1,0,1,0,0.100834644,0,0.002411765,0
29,No,Low Income,2,No,No,0,0,0,0,0,0,1,0.181604703,0,0.006508101,0
30,No,Middle Income,3,Yes,No,0,0,1,0,0,1,0,0.167526607,0,0.000129901,0
28,Yes,High Income,1,No,No,1,1,0,0,1,0,0,0.62171957,1,0.99440694,1
29,No,Low Income,1,No,No,0,0,0,0,0,0,1,0.13478593,0,8.55E-05,0
36,No,Middle Income,2,No,Yes,0,0,0,1,0,1,0,0.012241962,0,0.001609703,0
37,No,Middle Income,4,Yes,Yes,0,0,1,1,0,1,0,0.046379283,0,0.000788912,0
30,Yes,Low Income,1,Yes,No,1,1,1,0,0,0,1,0.618409493,1,0.9700754,1
28,No,Low Income,3,No,No,0,0,0,0,0,0,1,0.264931857,0,0.015556283,0
34,No,Middle Income,2,No,No,0,0,0,0,0,1,0,0.036513703,0,0.000852263,0
38,No,Low Income,1,No,Yes,0,0,0,1,0,0,1,0.01992386,0,0.000115455,0
30,Yes,High Income,1,No,No,0,1,0,0,1,0,0,0.558323372,1,0.41210014,0
30,No,Middle Income,5,Yes,Yes,0,0,1,1,0,1,0,0.147932267,0,0.000950738,0
33,No,Low Income,4,No,No,0,0,0,0,0,0,1,0.210328391,0,0.000442732,0
34,No,Middle Income,3,No,Yes,0,0,0,1,0,1,0,0.022438146,0,0.000258899,0
34,Yes,High Income,6,No,Yes,1,1,0,1,1,0,0,0.650911888,1,0.95829153,1
37,No,Low Income,1,Yes,No,0,0,1,0,0,0,1,0.107320132,0,0.012615615,0
37,No,Middle Income,2,Yes,No,0,0,1,0,0,1,0,0.053364888,0,0.012517991,0
37,No,Middle Income,1,No,Yes,0,0,0,1,0,1,0,0.0075728,0,0.000167405,0
37,Yes,Low Income,1,No,No,0,1,0,0,0,0,1,0.226746848,0,0.00360701,0
31,No,Middle Income,4,No,Yes,0,0,0,1,0,1,0,0.046230444,0,0.000154279,0
34,No,Middle Income,2,No,No,0,0,0,0,0,1,0,0.036513703,0,0.000852263,0
30,No,Low Income,1,Yes,Yes,0,0,1,1,0,0,1,0.113559138,0,0.001876127,0
34,Yes,High Income,1,No,No,0,1,0,0,1,0,0,0.427850681,0,0.36892495,0
37,No,Middle Income,1,No,Yes,0,0,0,1,0,1,0,0.0075728,0,0.000167405,0
33,No,Low Income,5,Yes,Yes,1,0,1,1,0,0,1,0.262401071,0,0.7465296,1
28,No,Middle Income,3,Yes,No,0,0,1,0,0,1,0,0.207384111,0,0.002267166,0
33,Yes,High Income,4,Yes,No,1,1,1,0,1,0,0,0.844591817,1,0.5849274,1
31,No,Low Income,1,No,No,0,0,0,0,0,0,1,0.106997666,0,8.37E-05,0
28,No,Low Income,2,No,No,1,0,0,0,0,0,1,0.201931389,0,0.97709924,1
29,No,Middle Income,6,No,Yes,0,0,0,1,0,1,0,0.113373268,0,0.007386676,0
38,Yes,Low Income,1,No,No,0,1,0,0,0,0,1,0.204562485,0,0.003761543,0
36,No,Middle Income,3,Yes,No,0,0,1,0,0,1,0,0.08388169,0,0.001674588,0
28,No,Middle Income,2,No,No,1,0,0,0,0,1,0,0.076888652,0,0.9878501,1
29,No,Low Income,4,Yes,No,0,0,1,0,0,0,1,0.498222119,0,0.19286998,0
30,Yes,High Income,1,No,Yes,0,1,0,1,1,0,0,0.349589478,0,0.014865185,0
34,Yes,Low Income,1,Yes,Yes,0,1,1,1,0,0,1,0.289587606,0,0.5849414,1
29,No,Low Income,2,Yes,No,1,0,1,0,0,0,1,0.32856917,0,0.9758799,1
37,No,Middle Income,5,No,Yes,1,0,0,1,0,1,0,0.030457661,0,0.8746968,1
30,Yes,High Income,1,No,No,1,1,0,0,1,0,0,0.558323372,1,0.41210014,0
37,No,Low Income,1,No,Yes,0,0,0,1,0,0,1,0.022654853,0,9.79E-05,0
30,No,Middle Income,4,No,No,0,0,0,0,0,1,0,0.115032877,0,9.58E-05,0
31,No,Middle Income,1,Yes,Yes,0,0,1,1,0,1,0,0.035665233,0,0.000234137,0
30,Yes,Low Income,1,Yes,No,1,1,1,0,0,0,1,0.618409493,1,0.9700754,1
30,No,Middle Income,3,No,No,0,0,0,0,0,1,0,0.083623053,0,5.19E-05,0
37,No,Middle Income,6,No,Yes,0,0,0,1,0,1,0,0.042831298,0,0.09346943,0
37,No,Low Income,1,Yes,Yes,0,0,1,1,0,0,1,0.048632135,0,0.001106285,0
36,Yes,High Income,1,Yes,No,0,1,1,0,1,0,0,0.559154343,1,0.21054855,0
31,No,Middle Income,4,No,Yes,0,0,0,1,0,1,0,0.046230444,0,0.000154279,0
36,No,Low Income,2,No,No,0,0,0,0,0,0,1,0.08134295,0,0.008878146,0
28,No,Low Income,3,No,Yes,0,0,0,1,0,0,1,0.132884131,0,0.003541283,0
30,Yes,High Income,5,No,No,1,1,0,0,1,0,0,0.838818656,1,0.365398,0
28,No,Low Income,1,Yes,No,0,0,1,0,0,0,1,0.281467663,0,0.02880339,0
38,No,Middle Income,2,No,No,0,0,0,0,0,1,0,0.02192719,0,0.001600394,0
31,No,Middle Income,1,No,Yes,0,0,0,1,0,1,0,0.01649425,0,0.000127937,0
29,Yes,Low Income,4,No,Yes,0,1,0,1,0,0,1,0.507330329,1,0.08109263,0
34,No,Middle Income,3,Yes,No,0,0,1,0,0,1,0,0.106381702,0,0.001019222,0
36,Yes,Low Income,2,Yes,No,0,1,1,0,0,0,1,0.512272468,1,0.5711102,1
37,No,Low Income,1,No,No,0,0,0,0,0,0,1,0.05169764,0,0.000429312,0
29,Yes,High Income,1,No,No,0,1,0,0,1,0,0,0.590397008,1,0.43826097,0
37,No,Middle Income,6,No,Yes,0,0,0,1,0,1,0,0.042831298,0,0.09346943,0
38,No,Low Income,2,Yes,No,1,0,1,0,0,0,1,0.130575232,0,0.98092973,1
30,No,Middle Income,4,Yes,Yes,0,0,1,1,0,1,0,0.108642051,0,0.000140271,0
37,Yes,High Income,1,No,No,1,1,0,0,1,0,0,0.335287712,0,0.33869052,0
35,Yes,Low Income,5,No,No,1,1,0,0,0,0,1,0.610835335,1,0.6936702,1
28,No,Middle Income,2,No,Yes,1,0,0,1,0,1,0,0.034204461,0,0.9674553,1
31,No,Middle Income,1,Yes,Yes,0,0,1,1,0,1,0,0.035665233,0,0.000234137,0
34,Yes,Low Income,1,Yes,No,1,1,1,0,0,0,1,0.489455746,0,0.42465845,0
35,No,Middle Income,3,No,No,0,0,0,0,0,1,0,0.045202748,0,0.001849629,0
35,No,Middle Income,4,No,No,0,0,0,0,0,1,0,0.063176346,0,0.002980973,0
35,No,Low Income,1,Yes,Yes,0,0,1,1,0,0,1,0.062320181,0,0.004341262,0
28,Yes,High Income,1,No,No,1,1,0,0,1,0,0,0.62171957,1,0.99440694,1
28,No,Middle Income,1,Yes,Yes,0,0,1,1,0,1,0,0.051979702,0,0.002365431,0
28,No,Low Income,2,No,No,1,0,0,0,0,0,1,0.201931389,0,0.97709924,1
30,No,Middle Income,3,No,No,0,0,0,0,0,1,0,0.083623053,0,5.19E-05,0
36,Yes,High Income,6,No,Yes,1,1,0,1,1,0,0,0.589175236,1,0.9908732,1
30,No,Low Income,4,Yes,No,0,0,1,0,0,0,1,0.465465556,0,0.16380711,0
31,No,Middle Income,5,Yes,No,0,0,1,0,0,1,0,0.263675154,0,0.0085246,0
31,No,Low Income,1,No,Yes,0,0,0,1,0,0,1,0.048476434,0,8.27E-05,0
28,Yes,Low Income,1,Yes,No,1,1,1,0,0,0,1,0.678152818,1,0.99837613,1
35,No,Middle Income,3,No,Yes,0,0,0,1,0,1,0,0.019732748,0,0.000919797,0
37,No,Middle Income,2,No,No,0,0,0,0,0,1,0,0.024925799,0,0.001583992,0
29,No,Low Income,1,Yes,No,0,0,1,0,0,0,1,0.255699932,0,0.003725862,0
34,Yes,High Income,4,No,No,0,1,0,0,1,0,0,0.683672808,1,0.39329302,0
31,No,Middle Income,1,No,Yes,0,0,0,1,0,1,0,0.01649425,0,0.000127937,0
30,No,Low Income,2,No,Yes,0,0,0,1,0,0,1,0.076423448,0,0.002897712,0
35,No,Middle Income,3,Yes,Yes,0,0,1,1,0,1,0,0.042505107,0,0.00081083,0
38,Yes,High Income,1,Yes,No,1,1,1,0,1,0,0,0.493809736,0,0.94742316,1
27,No,Low Income,1,Yes,No,0,0,1,0,0,0,1,0.308754917,0,0.026089275,0
29,No,Middle Income,2,No,No,0,0,0,0,0,1,0,0.068075268,0,0.002950669,0
35,No,Middle Income,6,No,Yes,1,0,0,1,0,1,0,0.054980991,0,0.09030542,0
29,Yes,Low Income,1,No,No,0,1,0,0,0,0,1,0.45591473,0,0.010300321,0
37,Yes,Low Income,3,Yes,No,1,1,1,0,0,0,1,0.56749284,1,0.9962412,1
34,No,Middle Income,2,No,No,0,0,0,0,0,1,0,0.036513703,0,0.000852263,0
37,No,Low Income,1,No,Yes,0,0,0,1,0,0,1,0.022654853,0,9.79E-05,0
28,Yes,High Income,1,No,Yes,1,1,0,1,1,0,0,0.411358762,0,0.97850376,1
36,No,Middle Income,1,Yes,Yes,0,0,1,1,0,1,0,0.018826299,0,0.000705283,0
30,No,Low Income,4,Yes,No,1,0,1,0,0,0,1,0.465465556,0,0.16380711,0
37,No,Middle Income,3,No,No,0,0,0,0,0,1,0,0.035133517,0,0.00085593,0
36,Yes,High Income,1,No,No,1,1,0,0,1,0,0,0.365141132,0,0.6625221,1
33,No,Low Income,1,No,Yes,0,0,0,1,0,0,1,0.037706765,0,0.000118887,0
37,No,Middle Income,2,No,No,0,0,0,0,0,1,0,0.024925799,0,0.001583992,0
35,No,Middle Income,1,Yes,Yes,0,0,1,1,0,1,0,0.021410135,0,0.00055255,0
27,Yes,Low Income,5,No,No,1,1,0,0,0,0,1,0.817693313,1,0.99284077,1
28,No,Middle Income,4,No,No,0,0,0,0,0,1,0,0.144570118,0,0.07894558,0
30,No,Middle Income,6,No,Yes,0,0,0,1,0,1,0,0.100834644,0,0.002411765,0
34,Yes,Low Income,1,Yes,No,0,1,1,0,0,0,1,0.489455746,0,0.42465845,0
35,Yes,High Income,1,Yes,No,0,1,1,0,1,0,0,0.591211817,1,0.21472067,0
37,No,Middle Income,1,No,Yes,0,0,0,1,0,1,0,0.0075728,0,0.000167405,0
27,No,Low Income,2,No,No,1,0,0,0,0,0,1,0.223910735,0,0.98894894,1
38,No,Middle Income,3,No,Yes,0,0,0,1,0,1,0,0.013396362,0,0.000419101,0
30,Yes,High Income,4,No,No,1,1,0,0,1,0,0,0.785108456,1,0.08240428,0
30,No,Low Income,1,Yes,No,0,0,1,0,0,0,1,0.23153105,0,0.00321977,0
36,Yes,Low Income,2,No,No,0,1,0,0,0,0,1,0.32262164,0,0.015479509,0
30,No,Middle Income,1,No,Yes,0,0,0,1,0,1,0,0.018764142,0,0.000100247,0
34,Yes,Low Income,1,Yes,Yes,1,1,1,1,0,0,1,0.289587606,0,0.5849414,1
30,No,Middle Income,5,Yes,No,0,0,1,0,0,1,0,0.289933507,0,0.001909704,0
37,No,Middle Income,2,Yes,No,0,0,1,0,0,1,0,0.053364888,0,0.012517991,0
37,No,Low Income,4,No,Yes,0,0,0,1,0,0,1,0.062788464,0,0.000861353,0
30,Yes,High Income,1,No,No,0,1,0,0,1,0,0,0.558323372,1,0.41210014,0
38,Yes,Low Income,6,No,Yes,0,1,0,1,0,0,1,0.390706572,0,0.04233792,0
36,No,Low Income,2,No,No,0,0,0,0,0,0,1,0.08134295,0,0.008878146,0
34,No,Middle Income,3,Yes,No,0,0,1,0,0,1,0,0.106381702,0,0.001019222,0
34,Yes,High Income,1,No,No,1,1,0,0,1,0,0,0.427850681,0,0.36892495,0
31,No,Low Income,1,Yes,No,0,0,1,0,0,0,1,0.20900513,0,0.003407149,0
30,No,Middle Income,4,No,Yes,0,0,0,1,0,1,0,0.052374625,0,0.000106181,0
35,No,Middle Income,1,Yes,Yes,0,0,1,1,0,1,0,0.021410135,0,0.00055255,0
33,Yes,Low Income,1,Yes,No,1,1,1,0,0,0,1,0.522251104,1,0.18020882,0
30,No,Middle Income,3,No,No,0,0,0,0,0,1,0,0.083623053,0,5.19E-05,0
31,No,Middle Income,5,No,No,0,0,0,0,0,1,0,0.139697704,0,0.000704008,0
29,No,Low Income,1,No,Yes,0,0,0,1,0,0,1,0.062123517,0,7.49E-05,0
30,Yes,High Income,1,No,No,0,1,0,0,1,0,0,0.558323372,1,0.41210014,0
30,No,Middle Income,4,Yes,Yes,0,0,1,1,0,1,0,0.108642051,0,0.000140271,0
30,No,Low Income,2,Yes,No,1,0,1,0,0,0,1,0.300291503,0,0.97070307,1
35,Yes,Low Income,3,No,Yes,1,1,0,1,0,0,1,0.247510934,0,0.9863485,1
31,Yes,High Income,6,No,Yes,1,1,0,1,1,0,0,0.734346755,1,0.9695976,1
27,No,Low Income,1,Yes,No,0,0,1,0,0,0,1,0.308754917,0,0.026089275,0
37,No,Middle Income,2,Yes,No,0,0,1,0,0,1,0,0.053364888,0,0.012517991,0
34,No,Middle Income,1,No,Yes,0,0,0,1,0,1,0,0.011185912,0,0.000240255,0
30,Yes,Low Income,4,No,No,0,1,0,0,0,0,1,0.67989328,1,0.009597584,0
34,No,Middle Income,3,No,Yes,0,0,0,1,0,1,0,0.022438146,0,0.000258899,0
31,No,Low Income,2,No,No,0,0,0,0,0,0,1,0.145790461,0,0.001660897,0
34,No,Low Income,5,Yes,Yes,0,0,1,1,0,0,1,0.237801162,0,0.21087123,0
34,Yes,High Income,1,No,No,0,1,0,0,1,0,0,0.427850681,0,0.36892495,0
27,No,Middle Income,1,No,Yes,0,0,0,1,0,1,0,0.027568506,0,0.010663496,0
30,No,Low Income,2,No,Yes,0,0,0,1,0,0,1,0.076423448,0,0.002897712,0
37,No,Middle Income,4,Yes,No,0,0,1,0,0,1,0,0.102641912,0,0.00332654,0
37,Yes,High Income,1,Yes,No,1,1,1,0,1,0,0,0.526595923,1,0.9526811,1
37,Yes,Low Income,1,No,No,0,1,0,0,0,0,1,0.226746848,0,0.00360701,0
27,No,Middle Income,2,No,No,1,0,0,0,0,1,0,0.086736865,0,0.9972344,1
30,No,Middle Income,6,No,Yes,0,0,0,1,0,1,0,0.100834644,0,0.002411765,0
31,Yes,Low Income,1,Yes,No,1,1,1,0,0,0,1,0.58699492,1,0.85583764,1
30,No,Middle Income,3,Yes,No,0,0,1,0,0,1,0,0.167526607,0,0.000129901,0
37,No,Middle Income,4,No,No,0,0,0,0,0,1,0,0.049310141,0,0.001324637,0
34,No,Low Income,1,No,No,0,0,0,0,0,0,1,0.074777188,0,9.44E-05,0
27,Yes,High Income,5,No,Yes,1,1,0,1,1,0,0,0.766383084,1,0.99261427,1
30,No,Middle Income,1,Yes,Yes,0,0,1,1,0,1,0,0.040464835,0,0.000118797,0
34,No,Low Income,2,Yes,No,1,0,1,0,0,0,1,0.202475091,0,0.95839685,1
38,No,Middle Income,3,No,Yes,0,0,0,1,0,1,0,0.013396362,0,0.000419101,0
35,Yes,High Income,1,No,No,1,1,0,0,1,0,0,0.396068821,0,0.9461919,1
34,No,Low Income,4,Yes,Yes,0,0,1,1,0,0,1,0.179675341,0,0.119399466,0
29,No,Middle Income,2,No,No,0,0,0,0,0,1,0,0.068075268,0,0.002950669,0
31,No,Low Income,1,Yes,Yes,0,0,1,1,0,0,1,0.1010023,0,0.002386098,0
30,Yes,Low Income,1,No,No,0,1,0,0,0,0,1,0.423591589,0,0.01013727,0
30,No,Middle Income,3,No,No,0,0,0,0,0,1,0,0.083623053,0,5.19E-05,0
30,No,Middle Income,6,No,Yes,0,0,0,1,0,1,0,0.100834644,0,0.002411765,0
34,No,Low Income,1,Yes,Yes,0,0,1,1,0,0,1,0.070444802,0,0.005478295,0
29,Yes,High Income,4,Yes,No,0,1,1,0,1,0,0,0.901835228,1,0.11286516,0
27,No,Middle Income,5,No,Yes,0,0,0,1,0,1,0,0.104516256,0,0.078782134,0
29,No,Low Income,2,Yes,No,1,0,1,0,0,0,1,0.32856917,0,0.9758799,1
30,No,Middle Income,3,No,Yes,0,0,0,1,0,1,0,0.037351579,0,6.65E-05,0
31,Yes,High Income,1,No,No,1,1,0,0,1,0,0,0.525755633,1,0.57897615,1
34,No,Low Income,1,Yes,No,0,0,1,0,0,0,1,0.151270329,0,0.004571874,0
31,No,Middle Income,2,No,No,0,0,0,0,0,1,0,0.053194881,0,0.000648343,0
36,No,Middle Income,4,No,Yes,0,0,0,1,0,1,0,0.024530154,0,0.001168972,0
37,Yes,Low Income,1,No,Yes,0,1,0,1,0,0,1,0.110860962,0,0.000543959,0
30,No,Low Income,3,Yes,No,0,0,1,0,0,0,1,0.379390957,0,0.09254138,0
30,No,Middle Income,2,Yes,No,0,0,1,0,0,1,0,0.123788275,0,0.004143,0
30,No,Low Income,1,Yes,No,0,0,1,0,0,0,1,0.23153105,0,0.00321977,0
34,Yes,High Income,1,No,No,0,1,0,0,1,0,0,0.427850681,0,0.36892495,0
36,No,Middle Income,6,No,Yes,0,0,0,1,0,1,0,0.048546716,0,0.46553618,0
30,No,Low Income,5,No,No,0,0,0,0,0,0,1,0.359984477,0,0.000270163,0
34,No,Middle Income,3,Yes,Yes,0,0,1,1,0,1,0,0.048179189,0,0.000613209,0
31,Yes,High Income,1,No,No,1,1,0,0,1,0,0,0.525755633,1,0.57897615,1
30,No,Low Income,1,No,No,0,0,0,0,0,0,1,0.120200204,0,8.51E-05,0
35,No,Middle Income,2,No,Yes,0,0,0,1,0,1,0,0.013934958,0,0.001953477,0
36,No,Middle Income,1,Yes,Yes,0,0,1,1,0,1,0,0.018826299,0,0.000705283,0
27,Yes,Low Income,1,Yes,No,1,1,1,0,0,0,1,0.706105195,1,0.9987417,1
30,No,Middle Income,4,No,No,0,0,0,0,0,1,0,0.115032877,0,9.58E-05,0
38,No,Middle Income,2,No,No,0,0,0,0,0,1,0,0.02192719,0,0.001600394,0
31,No,Low Income,1,No,Yes,0,0,0,1,0,0,1,0.048476434,0,8.27E-05,0
37,Yes,High Income,1,No,No,0,1,0,0,1,0,0,0.335287712,0,0.33869052,0
34,No,Middle Income,1,Yes,Yes,0,0,1,1,0,1,0,0.024339795,0,0.000467261,0
30,No,Low Income,2,No,No,0,0,0,0,0,0,1,0.162906464,0,0.002171518,0
36,No,Middle Income,5,No,No,1,0,0,0,0,1,0,0.077698546,0,0.984458,1
35,Yes,High Income,6,No,Yes,1,1,0,1,1,0,0,0.620531177,1,0.99645376,1
30,No,Low Income,1,Yes,No,0,0,1,0,0,0,1,0.23153105,0,0.00321977,0
27,No,Low Income,2,Yes,No,1,0,1,0,0,0,1,0.388844812,0,0.9950151,1
34,No,Middle Income,1,No,Yes,0,0,0,1,0,1,0,0.011185912,0,0.000240255,0
30,Yes,Low Income,1,No,No,0,1,0,0,0,0,1,0.423591589,0,0.01013727,0
30,No,Middle Income,3,No,Yes,0,0,0,1,0,1,0,0.037351579,0,6.65E-05,0
30,No,Middle Income,2,No,No,0,0,0,0,0,1,0,0.060206232,0,0.000863661,0
30,No,Low Income,4,Yes,No,0,0,1,0,0,0,1,0.465465556,0,0.16380711,0
27,Yes,High Income,1,No,No,1,1,0,0,1,0,0,0.652058486,1,0.99583983,1
36,Yes,Low Income,1,No,Yes,0,1,0,1,0,0,1,0.12447375,0,0.004207711,0
30,No,Low Income,2,Yes,Yes,1,0,1,1,0,0,1,0.154319743,0,0.9530943,1
34,No,Middle Income,3,Yes,Yes,0,0,1,1,0,1,0,0.048179189,0,0.000613209,0
34,Yes,High Income,5,Yes,No,1,1,1,0,1,0,0,0.871616525,1,0.9026223,1
37,No,Low Income,1,No,No,0,0,0,0,0,0,1,0.05169764,0,0.000429312,0
27,No,Middle Income,4,No,No,1,0,0,0,0,1,0,0.16156995,0,0.7098898,1
37,No,Middle Income,6,No,Yes,0,0,0,1,0,1,0,0.042831298,0,0.09346943,0
30,Yes,Low Income,1,No,No,0,1,0,0,0,0,1,0.423591589,0,0.01013727,0
37,No,Middle Income,3,Yes,No,0,0,1,0,0,1,0,0.074331272,0,0.002051127,0
27,No,Middle Income,2,No,No,1,0,0,0,0,1,0,0.086736865,0,0.9972344,1
31,No,Low Income,1,Yes,Yes,0,0,1,1,0,0,1,0.1010023,0,0.002386098,0
31,Yes,High Income,1,No,Yes,0,1,0,1,1,0,0,0.320365918,0,0.013512494,0
27,No,Middle Income,4,Yes,Yes,0,0,1,1,0,1,0,0.153040796,0,0.00308576,0
27,No,Low Income,2,Yes,No,1,0,1,0,0,0,1,0.388844812,0,0.9950151,1
30,No,Low Income,3,No,No,0,0,0,0,0,0,1,0.217042779,0,0.000228087,0
35,Yes,High Income,1,No,No,1,1,0,0,1,0,0,0.396068821,0,0.9461919,1
28,No,Low Income,5,No,Yes,0,0,0,1,0,0,1,0.237190811,0,0.012936636,0
30,No,Middle Income,2,No,No,0,0,0,0,0,1,0,0.060206232,0,0.000863661,0
37,No,Middle Income,1,Yes,Yes,0,0,1,1,0,1,0,0.016549014,0,0.000284587,0
30,Yes,Low Income,4,Yes,No,1,1,1,0,0,0,1,0.824064433,1,0.9907431,1
37,No,Middle Income,3,No,No,0,0,0,0,0,1,0,0.035133517,0,0.00085593,0
37,Yes,Low Income,6,No,Yes,0,1,0,1,0,0,1,0.422359067,0,0.048449412,0
30,No,Low Income,1,Yes,No,0,0,1,0,0,0,1,0.23153105,0,0.00321977,0
29,Yes,High Income,1,Yes,No,0,1,1,0,1,0,0,0.760688212,1,0.2724115,0
36,No,Middle Income,1,No,Yes,0,0,0,1,0,1,0,0.008625716,0,0.00047238,0
30,No,Low Income,2,No,No,0,0,0,0,0,0,1,0.162906464,0,0.002171518,0
37,No,Middle Income,4,No,Yes,0,0,0,1,0,1,0,0.021578088,0,0.000489568,0
37,Yes,High Income,1,No,No,1,1,0,0,1,0,0,0.335287712,0,0.33869052,0
31,No,Low Income,1,Yes,No,0,0,1,0,0,0,1,0.20900513,0,0.003407149,0
27,No,Middle Income,5,No,No,1,0,0,0,0,1,0,0.215376395,0,0.89445233,1
30,No,Middle Income,1,No,Yes,0,0,0,1,0,1,0,0.018764142,0,0.000100247,0
29,Yes,Low Income,1,No,Yes,0,1,0,1,0,0,1,0.262695639,0,0.006003786,0
30,No,Middle Income,3,Yes,No,0,0,1,0,0,1,0,0.167526607,0,0.000129901,0
31,No,Middle Income,4,Yes,No,0,0,1,0,0,1,0,0.200891856,0,0.001120731,0
36,No,Low Income,1,No,Yes,0,0,0,1,0,0,1,0.025750353,0,0.000220745,0
34,Yes,High Income,1,No,No,0,1,0,0,1,0,0,0.427850681,0,0.36892495,0
34,No,Middle Income,6,No,Yes,0,0,0,1,0,1,0,0.062212291,0,0.001559814,0
30,No,Low Income,2,Yes,No,1,0,1,0,0,0,1,0.300291503,0,0.97070307,1
37,No,Middle Income,3,Yes,No,0,0,1,0,0,1,0,0.074331272,0,0.002051127,0
34,Yes,High Income,1,No,No,1,1,0,0,1,0,0,0.427850681,0,0.36892495,0
30,No,Low Income,4,No,No,0,0,0,0,0,0,1,0.283085512,0,0.000182988,0
38,No,Middle Income,2,No,Yes,0,0,0,1,0,1,0,0.009442368,0,0.00080028,0
28,No,Low Income,5,Yes,Yes,0,0,1,1,0,0,1,0.406779836,0,0.07021788,0
27,Yes,Low Income,1,Yes,No,1,1,1,0,0,0,1,0.706105195,1,0.9987417,1
28,No,Middle Income,3,No,No,0,0,0,0,0,1,0,0.106061721,0,0.010980716,0
37,No,Middle Income,2,No,No,0,0,0,0,0,1,0,0.024925799,0,0.001583992,0
27,No,Low Income,1,Yes,Yes,0,0,1,1,0,0,1,0.159607532,0,0.003804796,0
38,Yes,High Income,4,No,No,0,1,0,0,1,0,0,0.561121857,1,0.13968204,0
28,No,Middle Income,1,Yes,Yes,0,0,1,1,0,1,0,0.051979702,0,0.002365431,0
36,Yes,Low Income,2,No,No,0,1,0,0,0,0,1,0.32262164,0,0.015479509,0
37,No,Middle Income,3,No,Yes,0,0,0,1,0,1,0,0.015246541,0,0.00038609,0
28,Yes,High Income,6,No,Yes,1,1,0,1,1,0,0,0.803849369,1,0.9985588,1
30,No,Low Income,1,Yes,No,0,0,1,0,0,0,1,0.23153105,0,0.00321977,0
28,No,Middle Income,2,Yes,No,1,0,1,0,0,1,0,0.155179446,0,0.91516626,1
30,No,Middle Income,4,No,Yes,0,0,0,1,0,1,0,0.052374625,0,0.000106181,0
27,Yes,Low Income,5,Yes,No,1,1,1,0,0,0,1,0.908182836,1,0.99846244,1
30,No,Low Income,3,No,Yes,0,0,0,1,0,0,1,0.105440171,0,0.000408503,0
28,No,Middle Income,2,No,No,1,0,0,0,0,1,0,0.076888652,0,0.9878501,1
30,No,Low Income,1,Yes,Yes,0,0,1,1,0,0,1,0.113559138,0,0.001876127,0
27,Yes,High Income,1,No,No,1,1,0,0,1,0,0,0.652058486,1,0.99583983,1
34,No,Middle Income,1,No,Yes,0,0,0,1,0,1,0,0.011185912,0,0.000240255,0
37,No,Low Income,4,No,Yes,0,0,0,1,0,0,1,0.062788464,0,0.000861353,0
36,No,Middle Income,3,Yes,No,0,0,1,0,0,1,0,0.08388169,0,0.001674588,0
37,Yes,High Income,1,Yes,No,1,1,1,0,1,0,0,0.526595923,1,0.9526811,1
31,No,Low Income,1,Yes,No,0,0,1,0,0,0,1,0.20900513,0,0.003407149,0
37,No,Middle Income,2,No,No,0,0,0,0,0,1,0,0.024925799,0,0.001583992,0
37,No,Middle Income,6,No,Yes,0,0,0,1,0,1,0,0.042831298,0,0.09346943,0
31,Yes,Low Income,1,No,No,0,1,0,0,0,0,1,0.391909395,0,0.004561121,0
35,No,Middle Income,5,Yes,No,1,0,1,0,0,1,0,0.174806309,0,0.8984796,1
30,No,Middle Income,2,No,No,0,0,0,0,0,1,0,0.060206232,0,0.000863661,0
36,Yes,Low Income,1,No,No,0,1,0,0,0,0,1,0.250579166,0,0.024323264,0
29,Yes,High Income,1,No,Yes,0,1,0,1,1,0,0,0.37998835,0,0.023511307,0
36,No,Middle Income,1,Yes,Yes,0,0,1,1,0,1,0,0.018826299,0,0.000705283,0
37,No,Low Income,2,Yes,No,1,0,1,0,0,0,1,0.146210696,0,0.98256886,1
30,No,Middle Income,3,No,Yes,0,0,0,1,0,1,0,0.037351579,0,6.65E-05,0
33,Yes,High Income,4,No,No,1,1,0,0,1,0,0,0.711349832,1,0.21531402,0
31,No,Low Income,1,No,Yes,0,0,0,1,0,0,1,0.048476434,0,8.27E-05,0
30,No,Low Income,2,No,No,0,0,0,0,0,0,1,0.162906464,0,0.002171518,0
37,No,Middle Income,1,Yes,Yes,0,0,1,1,0,1,0,0.016549014,0,0.000284587,0
31,Yes,Low Income,1,No,No,0,1,0,0,0,0,1,0.391909395,0,0.004561121,0
37,No,Middle Income,3,No,No,0,0,0,0,0,1,0,0.035133517,0,0.00085593,0
34,No,Middle Income,6,No,Yes,0,0,0,1,0,1,0,0.062212291,0,0.001559814,0
28,No,Low Income,4,Yes,Yes,0,0,1,1,0,0,1,0.324960068,0,0.022603355,0
30,Yes,High Income,1,Yes,No,0,1,1,0,1,0,0,0.735986162,1,0.38642016,0
31,No,Low Income,1,No,Yes,0,0,0,1,0,0,1,0.048476434,0,8.27E-05,0
35,No,Low Income,2,No,No,0,0,0,0,0,0,1,0.09170501,0,0.010875488,0
28,No,Middle Income,3,No,Yes,0,0,0,1,0,1,0,0.048024864,0,0.00350949,0
34,Yes,High Income,1,No,No,1,1,0,0,1,0,0,0.427850681,0,0.36892495,0
30,No,Low Income,1,Yes,No,0,0,1,0,0,0,1,0.23153105,0,0.00321977,0
34,No,Middle Income,4,No,No,0,0,0,0,0,1,0,0.071404086,0,0.000276758,0
31,No,Middle Income,1,No,Yes,0,0,0,1,0,1,0,0.01649425,0,0.000127937,0
30,Yes,Low Income,1,Yes,Yes,1,1,1,1,0,0,1,0.40796081,0,0.9201854,1
30,No,Middle Income,3,Yes,No,0,0,1,0,0,1,0,0.167526607,0,0.000129901,0
35,No,Middle Income,2,Yes,No,0,0,1,0,0,1,0,0.068289401,0,0.005635607,0
30,No,Low Income,5,No,No,0,0,0,0,0,0,1,0.359984477,0,0.000270163,0
30,Yes,High Income,1,No,No,0,1,0,0,1,0,0,0.558323372,1,0.41210014,0
34,No,Middle Income,6,No,Yes,0,0,0,1,0,1,0,0.062212291,0,0.001559814,0
34,No,Low Income,2,No,No,0,0,0,0,0,0,1,0.103238723,0,0.001912892,0
31,No,Low Income,3,Yes,Yes,0,0,1,1,0,0,1,0.185641224,0,0.15253091,0
29,Yes,High Income,1,No,No,1,1,0,0,1,0,0,0.590397008,1,0.43826097,0
30,No,Low Income,1,Yes,No,0,0,1,0,0,0,1,0.23153105,0,0.00321977,0
29,No,Middle Income,2,No,Yes,0,0,0,1,0,1,0,0.030124101,0,0.002162899,0
34,No,Middle Income,1,Yes,Yes,0,0,1,1,0,1,0,0.024339795,0,0.000467261,0
34,Yes,Low Income,4,Yes,No,1,1,1,0,0,0,1,0.734805989,1,0.9784315,1
31,No,Middle Income,3,No,No,0,0,0,0,0,1,0,0.0740997,0,7.70E-05,0
27,No,Low Income,2,No,No,1,0,0,0,0,0,1,0.223910735,0,0.98894894,1
38,No,Low Income,1,No,Yes,0,0,0,1,0,0,1,0.01992386,0,0.000115455,0
30,Yes,High Income,5,No,No,0,1,0,0,1,0,0,0.838818656,1,0.365398,0
38,No,Middle Income,1,Yes,Yes,0,0,1,1,0,1,0,0.014543114,0,0.000303018,0
36,No,Low Income,2,Yes,No,1,0,1,0,0,0,1,0.1633666,0,0.965115,1
35,No,Middle Income,4,No,No,0,0,0,0,0,1,0,0.063176346,0,0.002980973,0
28,Yes,High Income,6,No,Yes,1,1,0,1,1,0,0,0.803849369,1,0.9985588,1
34,Yes,Low Income,1,Yes,No,0,1,1,0,0,0,1,0.489455746,0,0.42465845,0
30,No,Middle Income,2,Yes,No,0,0,1,0,0,1,0,0.123788275,0,0.004143,0
27,No,Middle Income,1,No,Yes,0,0,0,1,0,1,0,0.027568506,0,0.010663496,0
30,Yes,Low Income,1,No,No,0,1,0,0,0,0,1,0.423591589,0,0.01013727,0
31,No,Middle Income,3,No,Yes,0,0,0,1,0,1,0,0.032908581,0,9.67E-05,0
30,No,Middle Income,4,No,No,0,0,0,0,0,1,0,0.115032877,0,9.58E-05,0
34,No,Low Income,1,Yes,No,0,0,1,0,0,0,1,0.151270329,0,0.004571874,0
31,Yes,High Income,1,No,No,0,1,0,0,1,0,0,0.525755633,1,0.57897615,1
29,No,Middle Income,5,No,Yes,0,0,0,1,0,1,0,0.082374421,0,0.00129643,0
34,No,Low Income,2,No,Yes,0,0,0,1,0,0,1,0.046665968,0,0.003106611,0
33,No,Middle Income,3,Yes,Yes,0,0,1,1,0,1,0,0.054567547,0,0.000655254,0
31,Yes,High Income,1,Yes,No,1,1,1,0,1,0,0,0.709707377,1,0.6055941,1
30,No,Low Income,4,No,No,0,0,0,0,0,0,1,0.283085512,0,0.000182988,0
36,No,Middle Income,2,No,No,0,0,0,0,0,1,0,0.028322603,0,0.003096816,0
28,No,Low Income,6,No,Yes,0,0,0,1,0,0,1,0.306960705,0,0.5044689,1
31,Yes,Low Income,1,Yes,No,1,1,1,0,0,0,1,0.58699492,1,0.85583764,1
29,No,Middle Income,3,Yes,No,0,0,1,0,0,1,0,0.186636907,0,9.23E-05,0
37,No,Middle Income,2,No,No,0,0,0,0,0,1,0,0.024925799,0,0.001583992,0
34,No,Low Income,1,No,Yes,0,0,0,1,0,0,1,0.033222975,0,0.000136352,0
28,Yes,High Income,4,No,Yes,1,1,0,1,1,0,0,0.668847468,1,0.9907115,1
30,No,Middle Income,1,Yes,Yes,0,0,1,1,0,1,0,0.040464835,0,0.000118797,0
28,No,Low Income,5,Yes,No,1,0,1,0,0,0,1,0.617254465,1,0.8417693,1
29,No,Middle Income,3,No,No,0,0,0,0,0,1,0,0.094245771,0,8.46E-05,0
30,Yes,High Income,1,No,No,1,1,0,0,1,0,0,0.558323372,1,0.41210014,0
37,No,Low Income,1,Yes,Yes,0,0,1,1,0,0,1,0.048632135,0,0.001106285,0
27,No,Middle Income,2,No,No,1,0,0,0,0,1,0,0.086736865,0,0.9972344,1
29,No,Middle Income,4,Yes,Yes,0,0,1,1,0,1,0,0.122019767,0,9.04E-05,0
36,Yes,Low Income,1,No,No,0,1,0,0,0,0,1,0.250579166,0,0.024323264,0
35,Yes,Low Income,3,No,No,1,1,0,0,0,0,1,0.436168404,0,0.96493274,1
28,No,Middle Income,6,No,Yes,1,0,0,1,0,1,0,0.127250395,0,0.5806883,1
36,No,Low Income,1,Yes,No,0,0,1,0,0,0,1,0.120557087,0,0.014565355,0
29,Yes,High Income,1,Yes,No,0,1,1,0,1,0,0,0.760688212,1,0.2724115,0
37,No,Middle Income,1,No,Yes,0,0,0,1,0,1,0,0.0075728,0,0.000167405,0
31,No,Low Income,4,Yes,No,1,0,1,0,0,0,1,0.433004172,0,0.50542897,1
28,No,Middle Income,5,No,Yes,0,0,0,1,0,1,0,0.092854596,0,0.018933017,0
31,Yes,High Income,1,No,No,1,1,0,0,1,0,0,0.525755633,1,0.57897615,1
36,No,Low Income,1,Yes,No,0,0,1,0,0,0,1,0.120557087,0,0.014565355,0
36,No,Middle Income,2,No,No,0,0,0,0,0,1,0,0.028322603,0,0.003096816,0
31,No,Middle Income,1,No,Yes,0,0,0,1,0,1,0,0.01649425,0,0.000127937,0
30,Yes,Low Income,1,No,Yes,0,1,0,1,0,0,1,0.238077027,0,0.004433509,0
29,No,Middle Income,4,Yes,No,0,0,1,0,0,1,0,0.246338536,0,0.00030987,0
38,No,Middle Income,2,Yes,No,0,0,1,0,0,1,0,0.047110312,0,0.0114355,0
38,Yes,Low Income,1,Yes,Yes,0,1,1,1,0,0,1,0.194289711,0,0.072783135,0
29,Yes,High Income,1,No,No,0,1,0,0,1,0,0,0.590397008,1,0.43826097,0
27,No,Middle Income,6,No,Yes,0,0,0,1,0,1,0,0.142553012,0,0.6542695,1
35,No,Low Income,2,No,No,0,0,0,0,0,0,1,0.09170501,0,0.010875488,0
30,No,Middle Income,3,Yes,No,0,0,1,0,0,1,0,0.167526607,0,0.000129901,0
29,Yes,High Income,5,No,No,1,1,0,0,1,0,0,0.855784633,1,0.86190355,1
31,No,Low Income,1,No,No,0,0,0,0,0,0,1,0.106997666,0,8.37E-05,0
31,No,Low Income,2,No,Yes,0,0,0,1,0,0,1,0.06765948,0,0.002120114,0
34,No,Middle Income,1,Yes,Yes,0,0,1,1,0,1,0,0.024339795,0,0.000467261,0
29,Yes,Low Income,1,Yes,No,1,1,1,0,0,0,1,0.648863948,1,0.95120466,1
37,No,Middle Income,3,No,No,0,0,0,0,0,1,0,0.035133517,0,0.00085593,0
36,No,Middle Income,2,No,No,0,0,0,0,0,1,0,0.028322603,0,0.003096816,0
34,No,Low Income,4,No,Yes,0,0,0,1,0,0,1,0.090347598,0,0.00042636,0
30,Yes,High Income,1,No,No,0,1,0,0,1,0,0,0.558323372,1,0.41210014,0
31,No,Low Income,1,Yes,Yes,0,0,1,1,0,0,1,0.1010023,0,0.002386098,0
31,No,Low Income,2,No,No,0,0,0,0,0,0,1,0.145790461,0,0.001660897,0
31,No,Middle Income,3,No,Yes,0,0,0,1,0,1,0,0.032908581,0,9.67E-05,0
37,Yes,High Income,6,No,Yes,1,1,0,1,1,0,0,0.557077703,1,0.9271765,1
30,No,Low Income,5,Yes,No,0,0,1,0,0,0,1,0.553647194,1,0.17227389,0
31,No,Middle Income,4,Yes,No,0,0,1,0,0,1,0,0.200891856,0,0.001120731,0
38,No,Middle Income,1,No,Yes,0,0,0,1,0,1,0,0.006647549,0,0.000197357,0
28,Yes,Low Income,1,No,No,1,1,0,0,0,0,1,0.488613552,0,0.9801856,1
30,No,Middle Income,3,No,Yes,0,0,0,1,0,1,0,0.037351579,0,6.65E-05,0
27,No,Middle Income,2,No,No,1,0,0,0,0,1,0,0.086736865,0,0.9972344,1
27,No,Low Income,1,Yes,No,0,0,1,0,0,0,1,0.308754917,0,0.026089275,0
30,Yes,High Income,1,No,No,0,1,0,0,1,0,0,0.558323372,1,0.41210014,0
36,No,Middle Income,4,No,Yes,0,0,0,1,0,1,0,0.024530154,0,0.001168972,0
27,No,Low Income,2,Yes,Yes,1,0,1,1,0,0,1,0.212926417,0,0.9702747,1
34,Yes,Low Income,3,Yes,No,1,1,1,0,0,0,1,0.660465381,1,0.9944437,1
37,Yes,High Income,1,Yes,No,1,1,1,0,1,0,0,0.526595923,1,0.9526811,1
38,No,Low Income,1,No,No,0,0,0,0,0,0,1,0.045629054,0,0.0005061,0
37,No,Middle Income,5,No,No,1,0,0,0,0,1,0,0.068799246,0,0.96771806,1
37,No,Middle Income,6,No,Yes,0,0,0,1,0,1,0,0.042831298,0,0.09346943,0
37,Yes,Low Income,4,No,No,0,1,0,0,0,0,1,0.458733037,0,0.10858876,0
37,No,Middle Income,3,Yes,No,0,0,1,0,0,1,0,0.074331272,0,0.002051127,0
36,Yes,Low Income,2,No,No,0,1,0,0,0,0,1,0.32262164,0,0.015479509,0
35,No,Low Income,1,Yes,No,0,0,1,0,0,0,1,0.135179465,0,0.002912227,0
30,Yes,High Income,1,No,Yes,0,1,0,1,1,0,0,0.349589478,0,0.014865185,0
30,No,Middle Income,1,Yes,Yes,0,0,1,1,0,1,0,0.040464835,0,0.000118797,0
30,No,Low Income,2,Yes,No,1,0,1,0,0,0,1,0.300291503,0,0.97070307,1
30,No,Middle Income,4,No,Yes,0,0,0,1,0,1,0,0.052374625,0,0.000106181,0
30,Yes,High Income,1,No,No,1,1,0,0,1,0,0,0.558323372,1,0.41210014,0
34,Yes,Low Income,1,No,Yes,0,1,0,1,0,0,1,0.156007798,0,0.002004611,0
30,No,Middle Income,2,No,No,0,0,0,0,0,1,0,0.060206232,0,0.000863661,0
30,No,Middle Income,5,Yes,Yes,0,0,1,1,0,1,0,0.147932267,0,0.000950738,0
34,Yes,Low Income,1,Yes,No,1,1,1,0,0,0,1,0.489455746,0,0.42465845,0
37,No,Middle Income,3,No,No,0,0,0,0,0,1,0,0.035133517,0,0.00085593,0
30,No,Middle Income,6,No,Yes,0,0,0,1,0,1,0,0.100834644,0,0.002411765,0
29,No,Low Income,1,Yes,Yes,0,0,1,1,0,0,1,0.127455746,0,0.002020332,0
33,Yes,High Income,1,Yes,No,0,1,1,0,1,0,0,0.652822763,1,0.19309422,0
34,No,Middle Income,1,No,Yes,0,0,0,1,0,1,0,0.011185912,0,0.000240255,0
38,No,Low Income,2,No,No,0,0,0,0,0,0,1,0.06376084,0,0.005457392,0
31,No,Middle Income,3,No,Yes,0,0,0,1,0,1,0,0.032908581,0,9.67E-05,0
30,Yes,High Income,1,No,No,1,1,0,0,1,0,0,0.558323372,1,0.41210014,0
35,No,Low Income,4,Yes,No,0,0,1,0,0,0,1,0.31118382,0,0.120253265,0
30,No,Middle Income,2,No,No,0,0,0,0,0,1,0,0.060206232,0,0.000863661,0
37,Yes,Low Income,1,No,Yes,0,1,0,1,0,0,1,0.110860962,0,0.000543959,0
34,Yes,Low Income,5,No,Yes,0,1,0,1,0,0,1,0.432138081,0,0.09869767,0
30,No,Middle Income,3,Yes,No,0,0,1,0,0,1,0,0.167526607,0,0.000129901,0
29,No,Middle Income,2,Yes,No,0,0,1,0,0,1,0,0.138740736,0,0.00466693,0
30,No,Low Income,1,No,No,0,0,0,0,0,0,1,0.120200204,0,8.51E-05,0
27,Yes,High Income,4,No,No,1,1,0,0,1,0,0,0.844148916,1,0.99717784,1
30,No,Middle Income,6,No,Yes,0,0,0,1,0,1,0,0.100834644,0,0.002411765,0
36,Yes,Low Income,2,Yes,No,1,1,1,0,0,0,1,0.512272468,1,0.5711102,1
37,No,Middle Income,3,Yes,Yes,0,0,1,1,0,1,0,0.033016015,0,0.000593268,0
30,Yes,High Income,1,No,No,1,1,0,0,1,0,0,0.558323372,1,0.41210014,0
37,No,Low Income,1,No,No,0,0,0,0,0,0,1,0.05169764,0,0.000429312,0
30,No,Middle Income,2,No,Yes,0,0,0,1,0,1,0,0.026517135,0,0.000872066,0
27,No,Middle Income,4,Yes,Yes,0,0,1,1,0,1,0,0.153040796,0,0.00308576,0
37,Yes,Low Income,1,Yes,No,1,1,1,0,0,0,1,0.392712908,0,0.611664,1
28,No,Low Income,5,No,No,0,0,0,0,0,0,1,0.422397649,0,0.26019642,0
34,No,Middle Income,2,No,No,0,0,0,0,0,1,0,0.036513703,0,0.000852263,0
29,No,Low Income,1,Yes,Yes,0,0,1,1,0,0,1,0.127455746,0,0.002020332,0
37,Yes,High Income,1,No,No,0,1,0,0,1,0,0,0.335287712,0,0.33869052,0
28,No,Middle Income,1,Yes,Yes,0,0,1,1,0,1,0,0.051979702,0,0.002365431,0
30,No,Low Income,4,No,No,0,0,0,0,0,0,1,0.283085512,0,0.000182988,0
35,No,Middle Income,3,No,No,0,0,0,0,0,1,0,0.045202748,0,0.001849629,0
30,Yes,High Income,6,No,Yes,1,1,0,1,1,0,0,0.759151998,1,0.97914493,1
30,No,Low Income,1,Yes,No,0,0,1,0,0,0,1,0.23153105,0,0.00321977,0
37,No,Middle Income,2,Yes,No,0,0,1,0,0,1,0,0.053364888,0,0.012517991,0
30,No,Middle Income,1,No,Yes,0,0,0,1,0,1,0,0.018764142,0,0.000100247,0
30,Yes,Low Income,1,Yes,No,1,1,1,0,0,0,1,0.618409493,1,0.9700754,1
28,No,Middle Income,4,No,Yes,0,0,0,1,0,1,0,0.067041806,0,0.012002204,0
36,No,Middle Income,5,No,No,1,0,0,0,0,1,0,0.077698546,0,0.984458,1
36,Yes,Low Income,1,Yes,No,0,1,1,0,0,0,1,0.424414722,0,0.62071085,1
29,Yes,High Income,1,No,No,0,1,0,0,1,0,0,0.590397008,1,0.43826097,0
35,No,Middle Income,1,No,Yes,0,0,0,1,0,1,0,0.009823578,0,0.000598069,0
30,No,Low Income,2,No,Yes,0,0,0,1,0,0,1,0.076423448,0,0.002897712,0
34,No,Middle Income,3,Yes,Yes,0,0,1,1,0,1,0,0.048179189,0,0.000613209,0
30,Yes,High Income,4,Yes,No,1,1,1,0,1,0,0,0.889587832,1,0.38941175,0
33,No,Low Income,1,Yes,No,0,0,1,0,0,0,1,0.168902468,0,0.002593724,0
37,Yes,Low Income,2,No,No,0,1,0,0,0,0,1,0.294631224,0,0.003508571,0
30,No,Middle Income,6,No,Yes,0,0,0,1,0,1,0,0.100834644,0,0.002411765,0
30,Yes,Low Income,1,No,No,0,1,0,0,0,0,1,0.423591589,0,0.01013727,0
28,No,Middle Income,3,Yes,No,0,0,1,0,0,1,0,0.207384111,0,0.002267166,0
35,No,Middle Income,2,No,No,0,0,0,0,0,1,0,0.032167041,0,0.00375699,0
37,No,Low Income,5,No,Yes,1,0,0,1,0,0,1,0.087116527,0,0.19477014,0
30,Yes,High Income,1,No,Yes,0,1,0,1,1,0,0,0.349589478,0,0.014865185,0
30,No,Low Income,1,Yes,Yes,0,0,1,1,0,0,1,0.113559138,0,0.001876127,0
28,No,Low Income,2,Yes,No,1,0,1,0,0,0,1,0.358146697,0,0.9958626,1
36,No,Middle Income,3,No,No,0,0,0,0,0,1,0,0.039864522,0,0.001747801,0
28,Yes,High Income,1,No,No,1,1,0,0,1,0,0,0.62171957,1,0.99440694,1
30,No,Low Income,1,No,Yes,0,0,0,1,0,0,1,0.054901932,0,6.87E-05,0
31,No,Middle Income,4,No,No,0,0,0,0,0,1,0,0.102331892,0,0.000155216,0
29,No,Middle Income,1,Yes,Yes,0,0,1,1,0,1,0,0.045879607,0,0.000110487,0
33,Yes,Low Income,1,No,No,0,1,0,0,0,0,1,0.331416314,0,0.001784779,0
29,No,Middle Income,3,No,No,0,0,0,0,0,1,0,0.094245771,0,8.46E-05,0
29,No,Middle Income,6,No,Yes,0,0,0,1,0,1,0,0.113373268,0,0.007386676,0
31,No,Low Income,1,Yes,No,0,0,1,0,0,0,1,0.20900513,0,0.003407149,0
29,Yes,High Income,5,Yes,No,0,1,1,0,1,0,0,0.929008679,1,0.24639232,0
27,No,Middle Income,4,No,Yes,0,0,0,1,0,1,0,0.075732266,0,0.04617341,0
28,No,Low Income,2,No,No,1,0,0,0,0,0,1,0.201931389,0,0.97709924,1
31,No,Low Income,3,No,Yes,0,0,0,1,0,0,1,0.093686208,0,0.000589527,0
30,Yes,High Income,1,No,No,1,1,0,0,1,0,0,0.558323372,1,0.41210014,0
28,No,Low Income,1,Yes,No,0,0,1,0,0,0,1,0.281467663,0,0.02880339,0
30,No,Middle Income,2,No,No,0,0,0,0,0,1,0,0.060206232,0,0.000863661,0
27,No,Middle Income,1,No,Yes,0,0,0,1,0,1,0,0.027568506,0,0.010663496,0
37,Yes,Low Income,4,Yes,Yes,1,1,1,1,0,0,1,0.442801684,0,0.95426494,1
36,No,Middle Income,3,Yes,No,0,0,1,0,0,1,0,0.08388169,0,0.001674588,0
30,No,Low Income,2,Yes,No,0,0,1,0,0,0,1,0.300291503,0,0.97070307,1
36,No,Low Income,1,No,Yes,0,0,0,1,0,0,1,0.025750353,0,0.000220745,0
29,Yes,High Income,1,No,No,0,1,0,0,1,0,0,0.590397008,1,0.43826097,0
36,No,Middle Income,6,No,Yes,1,0,0,1,0,1,0,0.048546716,0,0.46553618,0
34,No,Low Income,2,No,No,0,0,0,0,0,0,1,0.103238723,0,0.001912892,0
34,No,Middle Income,4,Yes,No,0,0,1,0,0,1,0,0.144987433,0,0.002092634,0
29,Yes,High Income,1,No,No,1,1,0,0,1,0,0,0.590397008,1,0.43826097,0
37,Yes,Low Income,1,Yes,No,0,1,1,0,0,0,1,0.392712908,0,0.611664,1
30,No,Middle Income,2,No,Yes,0,0,0,1,0,1,0,0.026517135,0,0.000872066,0
35,No,Middle Income,1,Yes,Yes,0,0,1,1,0,1,0,0.021410135,0,0.00055255,0
27,Yes,Low Income,1,Yes,No,1,1,1,0,0,0,1,0.706105195,1,0.9987417,1
36,No,Middle Income,3,No,No,0,0,0,0,0,1,0,0.039864522,0,0.001747801,0
35,No,Middle Income,4,No,No,0,0,0,0,0,1,0,0.063176346,0,0.002980973,0
30,No,Low Income,1,No,Yes,0,0,0,1,0,0,1,0.054901932,0,6.87E-05,0
31,Yes,High Income,1,No,No,0,1,0,0,1,0,0,0.525755633,1,0.57897615,1
30,No,Middle Income,1,Yes,Yes,0,0,1,1,0,1,0,0.040464835,0,0.000118797,0
29,No,Low Income,5,Yes,No,1,0,1,0,0,0,1,0.585808491,1,0.7054666,1
36,No,Middle Income,3,No,Yes,0,0,0,1,0,1,0,0.017347756,0,0.00088482,0
29,Yes,High Income,6,No,Yes,1,1,0,1,1,0,0,0.782327617,1,0.99536115,1
37,No,Low Income,4,Yes,No,0,0,1,0,0,0,1,0.257867163,0,0.4347134,0
30,No,Middle Income,2,Yes,No,0,0,1,0,0,1,0,0.123788275,0,0.004143,0
37,Yes,Low Income,1,No,Yes,0,1,0,1,0,0,1,0.110860962,0,0.000543959,0
36,Yes,Low Income,1,No,No,0,1,0,0,0,0,1,0.250579166,0,0.024323264,0
28,No,Middle Income,3,No,Yes,0,0,0,1,0,1,0,0.048024864,0,0.00350949,0
37,No,Middle Income,2,No,No,0,0,0,0,0,1,0,0.024925799,0,0.001583992,0
30,No,Low Income,1,Yes,Yes,0,0,1,1,0,0,1,0.113559138,0,0.001876127,0
30,Yes,High Income,4,No,No,0,1,0,0,1,0,0,0.785108456,1,0.08240428,0
30,No,Middle Income,1,No,Yes,0,0,0,1,0,1,0,0.018764142,0,0.000100247,0
30,No,Low Income,2,No,Yes,0,0,0,1,0,0,1,0.076423448,0,0.002897712,0
31,No,Middle Income,5,Yes,No,0,0,1,0,0,1,0,0.263675154,0,0.0085246,0
30,Yes,High Income,1,Yes,No,1,1,1,0,1,0,0,0.735986162,1,0.38642016,0
29,No,Low Income,1,No,No,0,0,0,0,0,0,1,0.13478593,0,8.55E-05,0
37,No,Middle Income,2,No,No,0,0,0,0,0,1,0,0.024925799,0,0.001583992,0
29,No,Middle Income,6,No,Yes,0,0,0,1,0,1,0,0.113373268,0,0.007386676,0
37,Yes,Low Income,1,Yes,No,1,1,1,0,0,0,1,0.392712908,0,0.611664,1
36,Yes,Low Income,3,Yes,No,1,1,1,0,0,0,1,0.599378398,1,0.9944148,1
31,No,Middle Income,2,No,No,0,0,0,0,0,1,0,0.053194881,0,0.000648343,0
27,No,Low Income,1,No,No,0,0,0,0,0,0,1,0.168429879,0,0.020035561,0
33,Yes,High Income,1,No,Yes,0,1,0,1,1,0,0,0.266083765,0,0.042277347,0
27,No,Middle Income,1,Yes,Yes,0,0,1,1,0,1,0,0.05884084,0,0.001455346,0
37,No,Low Income,4,Yes,No,1,0,1,0,0,0,1,0.257867163,0,0.4347134,0
30,No,Middle Income,3,No,Yes,0,0,0,1,0,1,0,0.037351579,0,6.65E-05,0
29,Yes,High Income,5,No,No,1,1,0,0,1,0,0,0.855784633,1,0.86190355,1
34,No,Low Income,1,Yes,Yes,0,0,1,1,0,0,1,0.070444802,0,0.005478295,0
30,No,Middle Income,2,No,No,0,0,0,0,0,1,0,0.060206232,0,0.000863661,0
33,No,Middle Income,1,Yes,Yes,0,0,1,1,0,1,0,0.027659005,0,0.000346362,0
29,Yes,Low Income,1,No,No,0,1,0,0,0,0,1,0.45591473,0,0.010300321,0
37,No,Middle Income,4,No,No,0,0,0,0,0,1,0,0.049310141,0,0.001324637,0
30,No,Middle Income,6,No,Yes,0,0,0,1,0,1,0,0.100834644,0,0.002411765,0
33,Yes,Low Income,1,Yes,Yes,0,1,1,1,0,0,1,0.31731442,0,0.11253467,0
30,Yes,High Income,1,Yes,No,0,1,1,0,1,0,0,0.735986162,1,0.38642016,0
30,No,Middle Income,1,No,Yes,0,0,0,1,0,1,0,0.018764142,0,0.000100247,0
36,No,Low Income,2,Yes,No,1,0,1,0,0,0,1,0.1633666,0,0.965115,1
37,No,Middle Income,3,No,Yes,0,0,0,1,0,1,0,0.015246541,0,0.00038609,0
37,Yes,High Income,4,No,No,1,1,0,0,1,0,0,0.593140362,1,0.17194466,0
37,No,Low Income,5,Yes,No,1,0,1,0,0,0,1,0.33107929,0,0.9850065,1
31,No,Low Income,2,No,No,0,0,0,0,0,0,1,0.145790461,0,0.001660897,0
31,No,Middle Income,1,No,Yes,0,0,0,1,0,1,0,0.01649425,0,0.000127937,0
30,Yes,Low Income,1,No,Yes,0,1,0,1,0,0,1,0.238077027,0,0.004433509,0
29,No,Middle Income,3,Yes,No,0,0,1,0,0,1,0,0.186636907,0,9.23E-05,0
37,No,Middle Income,2,Yes,No,0,0,1,0,0,1,0,0.053364888,0,0.012517991,0
30,No,Low Income,4,Yes,No,0,0,1,0,0,0,1,0.465465556,0,0.16380711,0
37,Yes,High Income,1,No,No,0,1,0,0,1,0,0,0.335287712,0,0.33869052,0
38,Yes,Low Income,6,No,Yes,0,1,0,1,0,0,1,0.390706572,0,0.04233792,0
30,No,Low Income,2,No,No,0,0,0,0,0,0,1,0.162906464,0,0.002171518,0
30,No,Middle Income,3,Yes,Yes,0,0,1,1,0,1,0,0.078821823,0,7.62E-05,0
36,Yes,High Income,1,No,No,1,1,0,0,1,0,0,0.365141132,0,0.6625221,1
35,No,Low Income,1,No,No,0,0,0,0,0,0,1,0.066188477,0,0.000553608,0
31,No,Middle Income,5,No,Yes,0,0,0,1,0,1,0,0.064585035,0,0.000679969,0
30,No,Middle Income,1,Yes,Yes,0,0,1,1,0,1,0,0.040464835,0,0.000118797,0
29,Yes,Low Income,1,Yes,No,1,1,1,0,0,0,1,0.648863948,1,0.95120466,1
36,No,Middle Income,3,No,No,0,0,0,0,0,1,0,0.039864522,0,0.001747801,0
37,No,Middle Income,2,No,No,0,0,0,0,0,1,0,0.024925799,0,0.001583992,0
29,No,Low Income,1,No,Yes,0,0,0,1,0,0,1,0.062123517,0,7.49E-05,0
28,Yes,High Income,1,No,No,1,1,0,0,1,0,0,0.62171957,1,0.99440694,1
30,No,Middle Income,4,Yes,Yes,0,0,1,1,0,1,0,0.108642051,0,0.000140271,0
30,No,Low Income,2,No,No,0,0,0,0,0,0,1,0.162906464,0,0.002171518,0
29,No,Low Income,3,No,No,0,0,0,0,0,0,1,0.240171943,0,0.000326386,0
31,Yes,High Income,6,No,Yes,1,1,0,1,1,0,0,0.734346755,1,0.9695976,1
37,No,Low Income,1,Yes,No,0,0,1,0,0,0,1,0.107320132,0,0.012615615,0
30,No,Middle Income,2,Yes,No,0,0,1,0,0,1,0,0.123788275,0,0.004143,0
37,No,Middle Income,5,No,Yes,1,0,0,1,0,1,0,0.030457661,0,0.8746968,1
33,Yes,Low Income,4,No,No,0,1,0,0,0,0,1,0.588929527,1,0.010741748,0
30,No,Middle Income,3,No,Yes,0,0,0,1,0,1,0,0.037351579,0,6.65E-05,0
31,No,Low Income,2,No,No,0,0,0,0,0,0,1,0.145790461,0,0.001660897,0
38,No,Low Income,1,Yes,No,0,0,1,0,0,0,1,0.095378944,0,0.013421915,0
34,Yes,High Income,1,No,No,0,1,0,0,1,0,0,0.427850681,0,0.36892495,0
30,No,Middle Income,1,No,Yes,0,0,0,1,0,1,0,0.018764142,0,0.000100247,0
35,No,Low Income,2,Yes,Yes,1,0,1,1,0,0,1,0.086483546,0,0.92690325,1
27,No,Middle Income,4,Yes,No,0,0,1,0,0,1,0,0.298229418,0,0.08521502,0
29,Yes,High Income,1,Yes,No,1,1,1,0,1,0,0,0.760688212,1,0.2724115,0
29,No,Low Income,1,No,No,0,0,0,0,0,0,1,0.13478593,0,8.55E-05,0
27,No,Middle Income,2,No,No,1,0,0,0,0,1,0,0.086736865,0,0.9972344,1
34,No,Middle Income,6,No,Yes,0,0,0,1,0,1,0,0.062212291,0,0.001559814,0
29,Yes,Low Income,5,No,No,0,1,0,0,0,0,1,0.775268655,1,0.06112293,0
30,No,Middle Income,3,Yes,No,0,0,1,0,0,1,0,0.167526607,0,0.000129901,0
31,No,Middle Income,4,No,No,0,0,0,0,0,1,0,0.102331892,0,0.000155216,0
34,No,Low Income,1,Yes,Yes,0,0,1,1,0,0,1,0.070444802,0,0.005478295,0
31,Yes,High Income,1,No,Yes,0,1,0,1,1,0,0,0.320365918,0,0.013512494,0
31,No,Middle Income,1,Yes,Yes,0,0,1,1,0,1,0,0.035665233,0,0.000234137,0
37,No,Low Income,2,Yes,No,1,0,1,0,0,0,1,0.146210696,0,0.98256886,1
37,No,Middle Income,3,No,No,0,0,0,0,0,1,0,0.035133517,0,0.00085593,0
30,Yes,High Income,1,No,No,1,1,0,0,1,0,0,0.558323372,1,0.41210014,0
35,No,Low Income,4,No,Yes,0,0,0,1,0,0,1,0.080125387,0,0.002216474,0
38,No,Middle Income,2,No,No,0,0,0,0,0,1,0,0.02192719,0,0.001600394,0
30,No,Low Income,1,Yes,Yes,0,0,1,1,0,0,1,0.113559138,0,0.001876127,0
30,Yes,Low Income,1,Yes,No,1,1,1,0,0,0,1,0.618409493,1,0.9700754,1
28,No,Middle Income,5,No,No,0,0,0,0,0,1,0,0.194025351,0,0.21068998,0
35,No,Middle Income,6,No,Yes,0,0,0,1,0,1,0,0.054980991,0,0.09030542,0
30,No,Low Income,1,Yes,No,0,0,1,0,0,0,1,0.23153105,0,0.00321977,0
30,Yes,High Income,4,Yes,No,0,1,1,0,1,0,0,0.889587832,1,0.38941175,0
37,No,Middle Income,1,No,Yes,0,0,0,1,0,1,0,0.0075728,0,0.000167405,0
34,Yes,Low Income,2,No,No,0,1,0,0,0,0,1,0.382427655,0,0.001507697,0
34,No,Middle Income,3,No,Yes,0,0,0,1,0,1,0,0.022438146,0,0.000258899,0
34,Yes,High Income,1,No,No,1,1,0,0,1,0,0,0.427850681,0,0.36892495,0
33,No,Low Income,1,Yes,No,0,0,1,0,0,0,1,0.168902468,0,0.002593724,0
31,No,Middle Income,2,No,No,0,0,0,0,0,1,0,0.053194881,0,0.000648343,0
29,No,Middle Income,4,No,Yes,0,0,0,1,0,1,0,0.059284631,0,0.000125365,0
31,Yes,Low Income,1,No,Yes,0,1,0,1,0,0,1,0.215092499,0,0.001599636,0
33,Yes,Low Income,3,Yes,No,1,1,1,0,0,0,1,0.689249998,1,0.98355985,1
29,No,Middle Income,5,Yes,No,0,0,1,0,0,1,0,0.31767863,0,0.014860046,0
37,No,Low Income,1,No,Yes,0,0,0,1,0,0,1,0.022654853,0,9.79E-05,0
33,Yes,High Income,1,No,No,0,1,0,0,1,0,0,0.460239322,0,0.84252757,1
31,No,Middle Income,6,No,Yes,0,0,0,1,0,1,0,0.089542694,0,0.0030617,0
28,No,Low Income,4,Yes,No,1,0,1,0,0,0,1,0.53099395,1,0.44520363,0
36,No,Middle Income,3,Yes,No,0,0,1,0,0,1,0,0.08388169,0,0.001674588,0
33,Yes,High Income,1,No,No,1,1,0,0,1,0,0,0.460239322,0,0.84252757,1
31,No,Low Income,1,No,No,0,0,0,0,0,0,1,0.106997666,0,8.37E-05,0
27,No,Middle Income,2,No,Yes,1,0,0,1,0,1,0,0.038815395,0,0.9719591,1
37,No,Middle Income,1,Yes,Yes,0,0,1,1,0,1,0,0.016549014,0,0.000284587,0
29,Yes,Low Income,1,Yes,No,1,1,1,0,0,0,1,0.648863948,1,0.95120466,1
30,No,Middle Income,4,No,No,0,0,0,0,0,1,0,0.115032877,0,9.58E-05,0
30,No,Middle Income,2,No,No,0,0,0,0,0,1,0,0.060206232,0,0.000863661,0
27,No,Low Income,5,Yes,Yes,0,0,1,1,0,0,1,0.438796707,0,0.09294963,0
37,Yes,High Income,1,No,No,0,1,0,0,1,0,0,0.335287712,0,0.33869052,0
31,No,Middle Income,1,Yes,Yes,0,0,1,1,0,1,0,0.035665233,0,0.000234137,0
30,No,Low Income,2,No,No,0,0,0,0,0,0,1,0.162906464,0,0.002171518,0
35,No,Middle Income,3,No,Yes,0,0,0,1,0,1,0,0.019732748,0,0.000919797,0
31,Yes,High Income,6,No,Yes,1,1,0,1,1,0,0,0.734346755,1,0.9695976,1
30,No,Low Income,1,Yes,No,0,0,1,0,0,0,1,0.23153105,0,0.00321977,0
35,Yes,Low Income,2,Yes,No,0,1,1,0,0,0,1,0.544964756,1,0.1974761,0
37,No,Middle Income,1,No,Yes,0,0,0,1,0,1,0,0.0075728,0,0.000167405,0
28,Yes,Low Income,1,Yes,No,1,1,1,0,0,0,1,0.678152818,1,0.99837613,1
37,No,Middle Income,3,No,Yes,0,0,0,1,0,1,0,0.015246541,0,0.00038609,0
29,No,Middle Income,2,No,No,0,0,0,0,0,1,0,0.068075268,0,0.002950669,0
37,No,Low Income,4,Yes,Yes,0,0,1,1,0,0,1,0.128724006,0,0.089157596,0
34,Yes,High Income,5,No,No,0,1,0,0,1,0,0,0.754818467,1,0.30634317,0
36,Yes,Low Income,1,No,Yes,0,1,0,1,0,0,1,0.12447375,0,0.004207711,0
38,No,Low Income,2,No,Yes,0,0,0,1,0,0,1,0.028142283,0,0.002359986,0
30,No,Middle Income,3,Yes,No,0,0,1,0,0,1,0,0.167526607,0,0.000129901,0
31,Yes,High Income,1,Yes,No,1,1,1,0,1,0,0,0.709707377,1,0.6055941,1
31,No,Low Income,1,Yes,No,0,0,1,0,0,0,1,0.20900513,0,0.003407149,0
28,No,Middle Income,4,No,No,1,0,0,0,0,1,0,0.144570118,0,0.07894558,0
30,No,Middle Income,6,No,Yes,0,0,0,1,0,1,0,0.100834644,0,0.002411765,0
37,Yes,Low Income,1,No,No,0,1,0,0,0,0,1,0.226746848,0,0.00360701,0
31,No,Middle Income,3,Yes,No,0,0,1,0,0,1,0,0.150012172,0,0.000509241,0
31,No,Middle Income,2,No,No,0,0,0,0,0,1,0,0.053194881,0,0.000648343,0
36,No,Low Income,1,No,No,0,0,0,0,0,0,1,0.058523845,0,0.000848041,0
30,Yes,High Income,1,No,Yes,0,1,0,1,1,0,0,0.349589478,0,0.014865185,0
30,No,Middle Income,5,Yes,Yes,0,0,1,1,0,1,0,0.147932267,0,0.000950738,0
31,No,Low Income,2,Yes,No,1,0,1,0,0,0,1,0.27345633,0,0.97407633,1
38,Yes,Low Income,3,No,Yes,1,1,0,1,0,0,1,0.1815812,0,0.86755216,1
37,Yes,High Income,1,No,No,1,1,0,0,1,0,0,0.335287712,0,0.33869052,0
35,No,Low Income,1,No,Yes,0,0,0,1,0,0,1,0.029256153,0,0.000301484,0
30,No,Middle Income,2,No,No,0,0,0,0,0,1,0,0.060206232,0,0.000863661,0
29,No,Middle Income,1,Yes,Yes,0,0,1,1,0,1,0,0.045879607,0,0.000110487,0
34,Yes,Low Income,4,No,No,0,1,0,0,0,0,1,0.556827237,1,0.028464304,0
35,No,Middle Income,3,No,No,0,0,0,0,0,1,0,0.045202748,0,0.001849629,0
28,No,Low Income,6,No,Yes,1,0,0,1,0,0,1,0.306960705,0,0.5044689,1
37,No,Low Income,1,Yes,Yes,0,0,1,1,0,0,1,0.048632135,0,0.001106285,0
30,Yes,High Income,1,Yes,No,0,1,1,0,1,0,0,0.735986162,1,0.38642016,0
29,No,Middle Income,1,No,Yes,0,0,0,1,0,1,0,0.021339633,0,9.11E-05,0
30,No,Low Income,5,No,No,0,0,0,0,0,0,1,0.359984477,0,0.000270163,0
37,No,Middle Income,4,No,Yes,0,0,0,1,0,1,0,0.021578088,0,0.000489568,0
33,Yes,High Income,1,No,No,1,1,0,0,1,0,0,0.460239322,0,0.84252757,1
30,No,Low Income,1,Yes,No,0,0,1,0,0,0,1,0.23153105,0,0.00321977,0
31,No,Middle Income,2,No,No,0,0,0,0,0,1,0,0.053194881,0,0.000648343,0
28,No,Middle Income,1,No,Yes,0,0,0,1,0,1,0,0.024259885,0,0.009159132,0
34,Yes,Low Income,1,Yes,Yes,1,1,1,1,0,0,1,0.289587606,0,0.5849414,1
34,No,Middle Income,3,Yes,No,0,0,1,0,0,1,0,0.106381702,0,0.001019222,0
36,No,Middle Income,4,Yes,No,0,0,1,0,0,1,0,0.115376429,0,0.002716503,0
30,No,Low Income,1,No,No,0,0,0,0,0,0,1,0.120200204,0,8.51E-05,0
36,Yes,High Income,1,No,No,0,1,0,0,1,0,0,0.365141132,0,0.6625221,1
38,No,Middle Income,6,No,Yes,0,0,0,1,0,1,0,0.037762052,0,0.08595843,0
27,No,Low Income,2,No,No,1,0,0,0,0,0,1,0.223910735,0,0.98894894,1
29,No,Middle Income,5,Yes,Yes,0,0,1,1,0,1,0,0.165251077,0,0.002012135,0
35,Yes,High Income,1,No,No,1,1,0,0,1,0,0,0.396068821,0,0.9461919,1
30,No,Low Income,4,Yes,No,0,0,1,0,0,0,1,0.465465556,0,0.16380711,0
31,No,Middle Income,2,No,Yes,0,0,0,1,0,1,0,0.023331666,0,0.000641962,0
30,No,Low Income,1,Yes,Yes,0,0,1,1,0,0,1,0.113559138,0,0.001876127,0
28,Yes,Low Income,1,Yes,No,1,1,1,0,0,0,1,0.678152818,1,0.99837613,1
28,No,Middle Income,3,No,No,0,0,0,0,0,1,0,0.106061721,0,0.010980716,0
31,No,Middle Income,2,No,No,0,0,0,0,0,1,0,0.053194881,0,0.000648343,0
30,No,Low Income,1,No,Yes,0,0,0,1,0,0,1,0.054901932,0,6.87E-05,0
31,Yes,High Income,4,No,No,0,1,0,0,1,0,0,0.762138894,1,0.07397557,0
28,No,Middle Income,1,Yes,Yes,0,0,1,1,0,1,0,0.051979702,0,0.002365431,0
30,No,Low Income,2,Yes,No,1,0,1,0,0,0,1,0.300291503,0,0.97070307,1
38,No,Middle Income,3,No,No,0,0,0,0,0,1,0,0.030945877,0,0.000929075,0
35,Yes,High Income,6,No,Yes,1,1,0,1,1,0,0,0.620531177,1,0.99645376,1
34,No,Low Income,1,Yes,No,0,0,1,0,0,0,1,0.151270329,0,0.004571874,0
30,No,Middle Income,2,Yes,No,0,0,1,0,0,1,0,0.123788275,0,0.004143,0
30,No,Middle Income,4,No,Yes,0,0,0,1,0,1,0,0.052374625,0,0.000106181,0
38,Yes,Low Income,1,No,No,0,1,0,0,0,0,1,0.204562485,0,0.003761543,0
36,Yes,Low Income,3,No,Yes,1,1,0,1,0,0,1,0.223883255,0,0.9753312,1
31,No,Middle Income,2,No,No,0,0,0,0,0,1,0,0.053194881,0,0.000648343,0
31,No,Low Income,1,Yes,No,0,0,1,0,0,0,1,0.20900513,0,0.003407149,0
34,Yes,High Income,1,No,No,0,1,0,0,1,0,0,0.427850681,0,0.36892495,0
33,No,Middle Income,1,No,Yes,0,0,0,1,0,1,0,0.012734745,0,0.000270674,0
30,No,Low Income,4,No,Yes,0,0,0,1,0,0,1,0.143759189,0,0.000239338,0
36,No,Middle Income,3,Yes,Yes,0,0,1,1,0,1,0,0.037472956,0,0.001260243,0
34,Yes,High Income,1,Yes,No,1,1,1,0,1,0,0,0.622511909,1,0.5629035,1
34,No,Low Income,5,No,No,0,0,0,0,0,0,1,0.249661661,0,0.000721697,0
27,No,Middle Income,2,No,No,1,0,0,0,0,1,0,0.086736865,0,0.9972344,1
31,No,Middle Income,6,No,Yes,0,0,0,1,0,1,0,0.089542694,0,0.0030617,0
36,Yes,Low Income,1,Yes,No,1,1,1,0,0,0,1,0.424414722,0,0.62071085,1
37,No,Middle Income,4,Yes,No,0,0,1,0,0,1,0,0.102641912,0,0.00332654,0
30,No,Middle Income,2,No,No,0,0,0,0,0,1,0,0.060206232,0,0.000863661,0
30,No,Low Income,1,No,Yes,0,0,0,1,0,0,1,0.054901932,0,6.87E-05,0
30,Yes,High Income,1,No,Yes,0,1,0,1,1,0,0,0.349589478,0,0.014865185,0
37,No,Middle Income,1,Yes,Yes,0,0,1,1,0,1,0,0.016549014,0,0.000284587,0
28,No,Low Income,2,Yes,No,1,0,1,0,0,0,1,0.358146697,0,0.9958626,1
37,No,Middle Income,3,No,No,0,0,0,0,0,1,0,0.035133517,0,0.00085593,0
28,Yes,High Income,4,No,No,1,1,0,0,1,0,0,0.826092247,1,0.9907996,1
37,No,Low Income,1,Yes,Yes,0,0,1,1,0,0,1,0.048632135,0,0.001106285,0
29,No,Low Income,5,No,No,0,0,0,0,0,0,1,0.390744219,0,0.004719357,0
34,No,Middle Income,1,Yes,Yes,0,0,1,1,0,1,0,0.024339795,0,0.000467261,0
34,Yes,Low Income,1,No,No,0,1,0,0,0,0,1,0.303004192,0,0.000807999,0
35,No,Middle Income,3,No,No,0,0,0,0,0,1,0,0.045202748,0,0.001849629,0
30,No,Middle Income,6,No,Yes,0,0,0,1,0,1,0,0.100834644,0,0.002411765,0
28,No,Low Income,4,Yes,No,0,0,1,0,0,0,1,0.53099395,1,0.44520363,0
30,Yes,High Income,1,Yes,No,0,1,1,0,1,0,0,0.735986162,1,0.38642016,0
36,Yes,Low Income,1,No,Yes,0,1,0,1,0,0,1,0.12447375,0,0.004207711,0
28,No,Low Income,2,Yes,No,1,0,1,0,0,0,1,0.358146697,0,0.9958626,1
35,No,Middle Income,3,No,Yes,0,0,0,1,0,1,0,0.019732748,0,0.000919797,0
36,Yes,High Income,1,No,No,1,1,0,0,1,0,0,0.365141132,0,0.6625221,1
31,No,Low Income,1,Yes,No,0,0,1,0,0,0,1,0.20900513,0,0.003407149,0
30,No,Middle Income,4,No,No,0,0,0,0,0,1,0,0.115032877,0,9.58E-05,0
34,No,Middle Income,5,No,Yes,0,0,0,1,0,1,0,0.044499937,0,0.001187188,0
33,Yes,Low Income,1,No,Yes,0,1,0,1,0,0,1,0.17407888,0,0.000882275,0
37,No,Middle Income,3,Yes,No,0,0,1,0,0,1,0,0.074331272,0,0.002051127,0
36,No,Middle Income,2,Yes,No,0,0,1,0,0,1,0,0.060397216,0,0.008173907,0
28,No,Low Income,1,Yes,Yes,0,0,1,1,0,0,1,0.142779017,0,0.005752618,0
28,Yes,High Income,1,No,No,1,1,0,0,1,0,0,0.62171957,1,0.99440694,1
37,No,Middle Income,6,No,Yes,0,0,0,1,0,1,0,0.042831298,0,0.09346943,0
30,No,Low Income,2,No,No,0,0,0,0,0,0,1,0.162906464,0,0.002171518,0
29,No,Low Income,3,Yes,No,0,0,1,0,0,0,1,0.410744723,0,0.07439876,0
30,Yes,High Income,1,No,No,1,1,0,0,1,0,0,0.558323372,1,0.41210014,0
30,No,Low Income,1,No,No,0,0,0,0,0,0,1,0.120200204,0,8.51E-05,0
29,No,Middle Income,2,No,Yes,0,0,0,1,0,1,0,0.030124101,0,0.002162899,0
36,No,Middle Income,1,Yes,Yes,0,0,1,1,0,1,0,0.018826299,0,0.000705283,0
30,Yes,Low Income,5,Yes,No,1,1,1,0,0,0,1,0.869654447,1,0.9848817,1
30,No,Middle Income,3,No,No,0,0,0,0,0,1,0,0.083623053,0,5.19E-05,0
34,Yes,Low Income,2,No,No,0,1,0,0,0,0,1,0.382427655,0,0.001507697,0
27,No,Low Income,1,No,Yes,0,0,0,1,0,0,1,0.079292371,0,0.002949957,0
37,Yes,High Income,1,No,No,0,1,0,0,1,0,0,0.335287712,0,0.33869052,0
27,No,Middle Income,1,Yes,Yes,0,0,1,1,0,1,0,0.05884084,0,0.001455346,0
31,No,Low Income,2,No,No,0,0,0,0,0,0,1,0.145790461,0,0.001660897,0
36,No,Middle Income,4,No,Yes,0,0,0,1,0,1,0,0.024530154,0,0.001168972,0
30,Yes,High Income,6,No,Yes,1,1,0,1,1,0,0,0.759151998,1,0.97914493,1
27,No,Low Income,1,Yes,No,0,0,1,0,0,0,1,0.308754917,0,0.026089275,0
38,No,Middle Income,2,Yes,No,0,0,1,0,0,1,0,0.047110312,0,0.0114355,0
31,No,Middle Income,1,No,Yes,0,0,0,1,0,1,0,0.01649425,0,0.000127937,0
31,Yes,Low Income,1,No,No,0,1,0,0,0,0,1,0.391909395,0,0.004561121,0
30,No,Middle Income,5,No,Yes,0,0,0,1,0,1,0,0.072981943,0,0.000398759,0
37,No,Middle Income,4,No,No,0,0,0,0,0,1,0,0.049310141,0,0.001324637,0
30,No,Low Income,1,Yes,Yes,0,0,1,1,0,0,1,0.113559138,0,0.001876127,0
31,Yes,High Income,1,No,No,0,1,0,0,1,0,0,0.525755633,1,0.57897615,1
